love this,382097.7718
cute and,357663.2483
love the,286934.5664
good quality,275790.7697
true size,250434.7476
love love,246878.985
super cute,245887.5168
very cute,227449.6452
cute love,214444.1218
very nice,209533.5544
love these,208630.6755
and comfortable,203686.0787
perfect for,199646.4466
absolutely love,191189.6456
great quality,190690.3288
fits perfectly,190642.4382
love them,183854.5069
and fits,179166.3506
very comfortable,175788.1742
comfortable and,174030.8013
quality and,166417.2041
and good,163513.4426
very good,161558.1372
nice and,157877.7088
highly recommend,146751.0741
and great,146500.7573
and love,145222.709
fits well,144847.5548
and fit,144421.105
fit perfectly,144103.7575
and very,140377.4216
fits great,139469.8353
and comfy,138201.8484
love much,137148.519
definitely recommend,133549.6003
soft and,133491.316
great fit,132440.1406
perfect fit,131282.4238
good and,130634.6681
loved this,130236.1043
very satisfied,128359.2871
really good,126564.0706
color and,124992.2897
just like,124356.272
and true,123474.5664
good material,121430.0604
and looks,116455.338
fits perfect,116377.2783
and cute,115463.9497
the color,114620.8152
very well,114435.3153
good good,113913.9477
and perfect,112184.6015
and nice,110625.7947
really nice,110392.6765
beautiful and,110302.3453
great and,110260.3645
thank you,109694.0122
many compliments,108534.245
the colors,107689.5171
great material,107311.3041
the quality,107061.4268
fit perfect,106941.6323
cute fits,106166.2215
looks great,106003.1077
nice material,105843.9577
and sexy,103129.8604
well and,101745.0303
fit and,101652.2952
perfectly and,99586.06516
fits very,99062.94938
size and,98737.83031
this shirt,97679.82314
for summer,97653.86982
the price,97412.3705
but still,96353.93834
this much,95029.50049
fit great,94776.34207
pretty and,94513.09949
really love,94361.26663
fits true,93073.87349
recommend this,91794.10785
well made,91689.79633
nice quality,90870.31959
love and,90568.60153
quality for,89862.71867
this outfit,89567.38091
but love,89153.03938
great for,87576.55324
and super,86788.68916
comfy and,86573.23265
love very,86257.18164
very beautiful,86248.71763
and easy,86011.55189
was perfect,85954.9199
quality love,85572.00569
satisfied with,85307.52881
great product,84523.10447
love fits,84272.52871
got many,83516.38808
this product,83189.9984
love how,83006.06344
this cute,82200.18191
love with,81832.82656
will buy,81364.59081
very much,81192.69385
very happy,80596.5927
really cute,80519.41949
sexy and,80130.45312
exactly like,79930.55925
the cutest,79620.90929
very soft,79249.82438
amazing and,78865.62494
cute for,78603.01085
perfect size,78461.4651
and flattering,78295.73738
size love,77759.67785
cute very,77752.19369
loved the,77535.08796
amazing quality,77236.08965
excellent quality,77236.08965
great love,77207.34324
super comfortable,77069.50221
nice fit,77060.51494
the perfect,77060.51494
love cute,76961.17322
really really,76933.50572
beautiful beautiful,76408.39645
cute loved,76382.95692
such cute,76259.58212
love shein,75270.07803
fits good,75180.08754
son loves,74725.7272
and they,74458.69651
very sexy,74435.35465
very pretty,74189.22586
colors are,73926.1234
cute true,73870.12967
and stylish,73870.12967
looks cute,73622.00229
and the,73340.72085
are perfect,73282.92663
quality good,72767.91478
love that,72415.03798
but cute,72194.67952
great price,71942.53641
highly recommended,71834.40636
really well,71695.71071
worth the,71627.78037
beautiful love,71538.89338
super sexy,71323.13397
this item,71100.1478
fits really,71082.48024
will definitely,71080.21877
this super,71030.87643
material good,70737.48966
and soft,70735.20441
and beautiful,70349.4844
fit good,70252.50152
material great,70212.98359
husband loves,69435.33679
comfortable wear,69435.33679
cute perfect,69435.33679
fit true,69253.16182
them much,69129.63816
for work,69042.41824
looks good,68754.84462
and pretty,68735.0464
buy again,68715.16898
loved much,68514.17524
great with,68514.17524
material love,68514.17524
with purchase,68304.09045
such good,68204.37424
good love,67893.16841
nice love,67725.32584
good price,67580.53833
and material,67558.73437
from shein,67446.82619
for points,67261.93163
cute cute,66950.92551
this top,66718.18655
absolutely loved,66633.90166
amazing love,66315.37126
perfect and,66090.04272
loved them,66063.47629
for vacation,66030.66749
perfectly love,65995.31252
loves this,65711.66215
would definitely,65278.31066
shirt fits,65152.48913
good product,64930.04685
loves them,64930.04685
material soft,64819.65764
definitely worth,64699.33876
are beautiful,64093.62053
lot compliments,64041.57378
and breathable,64041.57378
nice color,63610.01877
cute with,63042.13052
and she,62993.75311
beautiful color,62993.75311
still cute,62942.33804
shirt love,62770.21109
but overall,62623.36823
comfortable love,62435.13287
great color,62098.31265
this beautiful,62026.67169
perfect love,61907.15632
this purchase,61759.72347
these and,61684.49004
soooo cute,61672.00733
and works,61340.40931
every color,61072.71923
just right,60891.19948
picture love,60646.42114
love true,60646.42114
everything about,60646.42114
fits nice,60439.50241
this dress,60417.25377
love super,60387.1131
buy more,60323.90901
love good,60296.44663
material and,60240.98248
and color,60102.39047
quality great,60039.24955
this great,59982.58704
goes with,59689.43985
and loved,59689.43985
one favorite,59643.73598
just love,59590.36172
are amazing,59590.36172
absolutely adorable,59590.36172
material nice,59294.60741
are good,59294.60741
sexy love,59234.17819
like for,59157.38068
pretty love,58947.89618
quality the,58914.48366
purchase again,58875.84999
adorable and,58628.00575
well love,58628.00575
super good,58515.33774
definitely buy,58508.2377
quality material,58231.66031
better than,58181.59149
and lightweight,58152.60081
color love,58152.60081
expected but,58056.82043
would buy,57872.20962
pleased with,57787.59731
and elegant,57787.59731
quality true,57787.59731
excited wear,57420.28401
love all,57185.99412
lots compliments,56827.73514
fit love,56816.82233
the fit,56780.67445
comfy love,56678.54812
love great,56678.54812
quality would,56304.03187
size good,56304.03187
love everything,56105.08539
they fit,56102.36231
bright and,56076.71756
cute like,56076.71756
are great,56075.73102
nice good,55927.01837
totally recommend,55927.01837
and has,55818.00304
and quality,55780.63786
the pictures,55774.01576
these shorts,55729.77162
material fits,55703.15098
different colors,55450.02864
super soft,55190.10406
watch perfectly,55165.29449
these are,55009.05571
and durable,54780.47708
simple and,54780.47708
the way,54647.77946
loved these,54567.85842
very stylish,54392.94819
very pleased,54392.94819
looks nice,54348.11887
omg love,54261.08535
top love,54184.4062
can wait,54171.71668
good very,54002.64946
soft material,53947.72718
and simple,53798.36096
and can,53775.57011
great purchase,53609.52038
got lot,53609.52038
are cute,53525.35702
color very,53409.67092
husband loved,53213.49822
and really,53197.56409
cute fit,53103.58175
just pictured,53094.53516
very comfy,53005.74054
sturdy and,52814.5179
its really,52814.5179
quality very,52752.31021
this suit,52744.97805
still love,52412.51187
beautiful top,52412.51187
love fit,52412.51187
exactly what,52357.9505
fits amazing,52227.1879
nice for,52129.55411
beautiful shirt,52007.40996
good color,52007.40996
like picture,51953.74488
stylish and,51827.36532
vibrant and,51599.13925
boyfriend loves,51599.13925
love for,51599.13925
nice like,51599.13925
and will,51516.71791
material true,51424.61174
cute will,51424.61174
but like,51372.71231
these much,51189.63755
very vibrant,51187.62393
quality nice,51187.62393
was amazing,51187.62393
super comfy,50891.58916
will love,50772.78509
cute bought,50772.78509
pretty good,50666.20721
color pretty,50354.5406
the purchase,50354.5406
color fits,50354.5406
other colors,50312.69451
this color,50244.30571
for any,50198.12061
size perfect,49932.80488
outfit for,49782.98696
wore for,49507.4887
are vibrant,49507.4887
color great,49507.4887
comfortable fit,49507.4887
great item,49507.4887
perfect length,49507.4887
summer and,49507.4887
super nice,49439.9597
like them,49141.82277
and amazing,49078.49898
price and,48942.83054
look great,48804.89404
these they,48804.89404
top fits,48804.89404
you shein,48776.41501
and are,48649.75724
you much,48645.73854
love its,48645.73854
nice fabric,48517.65343
absolutely beautiful,48364.17143
cute good,48250.81995
very nicely,48209.10582
dressed down,48209.10582
this set,48147.27397
for little,48088.96919
dress and,48088.96919
well with,47849.26453
and loves,47768.49464
just perfect,47768.49464
especially for,47768.49464
quality fits,47768.49464
cute comfortable,47768.49464
cute exactly,47768.49464
great buy,47656.693
this such,47656.693
the summer,47535.79151
good fabric,47530.55009
please like,47512.14163
order more,47445.04382
thanks shein,47323.79388
loved and,47323.79388
shirt soft,47323.79388
light and,47251.38509
this very,47222.63148
and exactly,47220.73663
dress for,47220.73663
colors and,47052.93861
but fits,46883.35728
fit amazing,46874.88713
product and,46874.88713
can dressed,46874.88713
shein love,46874.88713
nicely and,46874.88713
has good,46781.00831
love will,46781.00831
and affordable,46421.65239
gorgeous and,46421.65239
great very,46421.65239
nice shirt,46391.14587
this good,46337.41251
and feel,46256.31262
works well,46256.31262
love just,46256.31262
can dress,46215.89764
loved very,45963.96162
really loved,45963.96162
and goes,45963.96162
fits watch,45963.96162
lightweight and,45824.94448
fits nicely,45800.51624
fits just,45659.77436
cute got,45556.20566
soft love,45501.68036
product very,45501.68036
cute really,45438.21627
quality looks,45438.21627
like lot,45438.21627
buying more,45390.14399
watch band,45382.21237
the look,45255.62107
would recommend,45203.6663
nice nice,45034.66724
and fun,45034.66724
good too,45034.66724
these sunglasses,45034.66724
love definitely,45034.66724
love perfect,44982.40397
feels great,44982.40397
makes feel,44982.40397
high quality,44972.63709
how fits,44951.83458
still good,44562.77348
love wearing,44562.77348
shein and,44562.77348
will great,44562.77348
absolutely perfect,44562.77348
absolutely gorgeous,44562.77348
work and,44562.77348
comfortable fits,44562.77348
not too,44523.52258
color perfect,44522.29996
for casual,44085.84238
happy birthday,44085.84238
good coverage,44085.84238
and absolutely,44085.84238
soft fabric,44064.36892
loves these,44064.36892
gift for,44064.36892
one favorites,44057.7864
look cute,44057.7864
size very,44027.47515
easy use,44024.6881
this fit,43640.3563
such great,43615.0453
this amazing,43603.70862
cute wear,43603.70862
def recommend,43603.70862
would purchase,43603.70862
satisfied very,43603.70862
very elegant,43603.70862
and cool,43588.7401
and flowy,43588.7401
material perfect,43588.7401
happy with,43399.15006
for the,43164.89036
and how,43161.87772
cute definitely,43161.87772
durable and,43116.19768
shirt nice,43116.19768
compliments this,43116.19768
liked the,43115.03225
fits and,43115.03225
true the,43115.03225
good fit,42839.24254
this perfect,42807.7521
recommend you,42704.77448
cute comfy,42636.52806
very true,42636.52806
much very,42623.12506
love would,42623.12506
vibrant colors,42623.12506
light weight,42396.73867
looks amazing,42367.31944
looking for,42269.9769
this favorite,42153.08632
going out,42153.08632
night out,42153.08632
pattern and,42124.29545
these shades,42124.29545
quality really,42124.29545
came just,42124.29545
comfortable true,42124.29545
color beautiful,41778.37662
looks really,41717.38246
material really,41664.55903
purchase and,41619.50184
fabric nice,41619.50184
much love,41619.50184
definitely will,41619.50184
color amazing,41619.50184
works perfectly,41619.50184
real cute,41619.50184
has nice,41619.50184
fast shipping,41496.36819
for baby,41302.90402
cute wore,41170.79094
nice very,41170.79094
really soft,41170.79094
size great,41170.79094
does the,41170.79094
great true,41108.52454
quality recommend,41108.52454
picture good,41108.52454
amazing amazing,41108.52454
nice true,41108.52454
received many,41108.52454
this fits,41066.76341
wearing this,40835.04478
decent quality,40671.61902
definitely would,40591.13001
for fall,40591.13001
with nice,40591.13001
with everything,40570.625
much and,40356.75874
great shirt,40356.75874
are super,40249.10289
quality just,40166.87196
perfect with,40166.87196
baby girl,40166.87196
much cute,40067.06966
very durable,40067.06966
perfect very,40067.06966
definitely purchase,40067.06966
nice dress,40067.06966
pretty nice,40067.06966
the pool,40067.06966
good fits,40067.06966
the office,40067.06966
way looks,40067.06966
its perfect,40067.06966
will purchase,40067.06966
new favorite,40043.44318
also very,39873.90652
definitely get,39656.36956
and look,39644.86381
dress love,39536.07841
husband and,39536.07841
same time,39536.07841
and high,39536.07841
great great,39536.07841
cute baby,39536.07841
picture true,39536.07841
favorite shirts,39536.07841
color super,39536.07841
and worth,39536.07841
item love,39536.07841
product love,39536.07841
any occasion,39536.07841
amazing for,39536.07841
these cute,39536.07841
with jeans,39189.9946
really liked,39184.23851
shirt great,39139.92211
are adorable,39139.92211
wait wear,39021.22812
feel sexy,38997.87316
favorite favorite,38997.87316
amazing fit,38997.87316
baby boy,38997.87316
very lovely,38997.87316
boyfriend and,38997.87316
will recommend,38997.87316
shirt much,38894.01648
very sturdy,38617.32964
this definitely,38452.15098
cute daughter,38452.15098
quality highly,38452.15098
shirt good,38452.15098
the buy,38452.15098
impressed with,38452.15098
shein never,38452.15098
outfit and,38452.15098
comfortable shirt,38452.15098
get compliments,38452.15098
definitely true,38452.15098
price love,38452.15098
and black,38452.15098
perfectly with,38452.15098
never disappoints,38452.15098
quality product,38452.15098
super adorable,38452.15098
this bikini,38396.72213
love looks,38240.21804
beautiful colors,38088.38125
the feel,38088.38125
and airy,37898.58715
color really,37898.58715
super easy,37898.58715
them very,37898.58715
purchase this,37898.58715
shirt got,37898.58715
product good,37898.58715
loved fit,37898.58715
shirt wear,37898.58715
hope fits,37898.58715
working out,37898.58715
quality perfect,37898.58715
this love,37898.58715
cute recommend,37898.58715
and holds,37898.58715
and silky,37898.58715
dress down,37888.14815
fabric soft,37762.00542
shirt cute,37556.79211
dress fits,37552.85416
daughter loves,37386.75127
quality fit,37336.8329
getting more,37336.8329
perfectly very,37336.8329
fit watch,37336.8329
item and,37336.8329
for everyday,37336.8329
shirt definitely,37336.8329
love nice,37336.8329
cutest thing,37336.8329
should get,37336.8329
perfect great,37336.8329
bright color,37336.8329
was beautiful,37336.8329
quality too,37336.8329
get many,37336.8329
because its,37336.8329
this summer,37028.75506
will work,37010.51289
breathable and,37010.51289
fabric very,37010.51289
look and,36792.68601
you for,36766.51279
nice outfit,36766.51279
picture great,36766.51279
pictured love,36766.51279
keep the,36766.51279
amazing material,36766.51279
cute colors,36766.51279
much fits,36766.51279
outfit very,36766.51279
material amazing,36766.51279
amazing product,36766.51279
good condition,36766.51279
color good,36766.51279
without being,36766.51279
recommend anyone,36766.51279
worn with,36766.51279
great looks,36766.51279
this romper,36766.51279
material light,36766.51279
this band,36766.51279
material definitely,36766.51279
and such,36766.51279
the photo,36655.473
fit very,36606.73388
and sturdy,36461.10816
this true,36461.10816
very useful,36461.10816
nice just,36355.28756
beautiful dress,36355.28756
they work,36355.28756
cute dress,36301.37252
and well,36301.37252
very cheeky,36187.22183
loving this,36187.22183
sooo much,36187.22183
and fast,36187.22183
your curves,36187.22183
top perfect,36187.22183
perfectly the,36187.22183
all summer,36187.22183
cute please,36187.22183
fits son,36187.22183
exceeded expectations,36187.22183
cute pattern,36187.22183
very affordable,36187.22183
will order,36117.25103
cute great,36093.32864
this piece,36093.32864
recommend buying,36093.32864
elegant and,35904.37585
this swimsuit,35838.56751
cute looks,35768.69298
shirt and,35699.41486
works great,35657.11169
everything fits,35598.52208
summer time,35598.52208
much they,35598.52208
set very,35598.52208
was comfortable,35598.52208
daughter loved,35598.52208
they all,35598.52208
right places,35598.52208
and described,35598.52208
quality always,35598.52208
cute get,35598.52208
for cruise,35598.52208
recommend these,35598.52208
daughter and,35598.52208
nice great,35598.52208
you buy,35598.52208
height and,35598.52208
very classy,35598.52208
and gives,35598.52208
them lot,35598.52208
and colorful,35598.52208
colors love,35598.52208
like please,35598.52208
birthday you,35598.52208
fits her,35598.52208
the picture,35439.95595
should buy,35340.03569
and recommend,35340.03569
and classy,35340.03569
would highly,35340.03569
value for,34999.93876
glad got,34999.93876
watch look,34999.93876
have ever,34999.93876
still like,34999.93876
the details,34999.93876
loved everything,34999.93876
favorite color,34999.93876
perfect true,34999.93876
great good,34999.93876
cute lightweight,34999.93876
flattering love,34999.93876
this adorable,34999.93876
this actually,34999.93876
and price,34999.93876
fitting and,34999.93876
nice thick,34999.93876
compliments the,34999.93876
will buying,34799.49286
way this,34767.78998
shirt perfect,34767.78998
top fit,34767.78998
top super,34764.96833
was great,34520.18313
shirt very,34491.36902
and got,34396.58501
described the,34390.95582
very see,34390.95582
perfect good,34390.95582
top got,34390.95582
nicely made,34390.95582
hugs your,34390.95582
these very,34390.95582
very chic,34390.95582
color bright,34390.95582
fits right,34390.95582
material comfortable,34390.95582
classy and,34390.95582
for working,34390.95582
love shopping,34390.95582
literally the,34390.95582
absolutely amazing,34390.95582
great wear,34390.95582
well true,34390.95582
snug but,34390.95582
excellent material,34390.95582
are gorgeous,34390.95582
perfectly for,34390.95582
comfortable great,34390.95582
good value,34390.95582
affordable price,34390.95582
good nice,34390.95582
the variety,34390.95582
this its,34390.95582
blouse the,34390.95582
for boyfriend,34289.16022
are bright,34187.32201
color nice,34187.32201
nice soft,34187.32201
are very,34024.37721
them and,33812.96077
compliments when,33771.01064
comfortable definitely,33771.01064
great would,33771.01064
good item,33771.01064
order another,33771.01064
nice really,33771.01064
much looks,33771.01064
perfect material,33771.01064
fast and,33771.01064
sexy fits,33771.01064
peaches peaches,33771.01064
you very,33771.01064
perfect fits,33771.01064
but perfect,33771.01064
for niece,33771.01064
and hugs,33771.01064
nice too,33771.01064
have purchased,33771.01064
basic top,33771.01064
are comfy,33771.01064
really beautiful,33771.01064
you feel,33771.01064
literally cute,33771.01064
must buy,33686.21234
flattering and,33626.38843
the colour,33598.29439
these leggings,33598.29439
for daughter,33563.922
well the,33253.17854
quality will,33253.17854
these glasses,33174.87581
cute would,33174.87581
nice size,33139.48802
really likes,33139.48802
just picture,33139.48802
just how,33139.48802
shirt comfortable,33139.48802
much definitely,33139.48802
good recommend,33139.48802
them perfect,33139.48802
get lots,33139.48802
the silver,33139.48802
but comfortable,33139.48802
goes great,33139.48802
valentines day,33139.48802
price for,33139.48802
cute belt,33139.48802
has great,33139.48802
summer love,33139.48802
loved loved,33139.48802
was exactly,33139.48802
well looks,33139.48802
with skirt,33139.48802
this absolutely,33139.48802
cute design,33139.48802
looked great,33139.48802
like pictured,33139.48802
sheer but,33139.48802
feel great,33139.48802
glasses for,33139.48802
color exactly,33139.48802
mom loves,33139.48802
with many,33139.48802
still nice,33139.48802
fabric great,33139.48802
well great,33139.48802
shirt can,33139.48802
she loved,33118.5487
loved how,33000.34721
and glad,33000.34721
good purchase,33000.34721
great fabric,33000.34721
cute absolutely,33000.34721
pretty color,32869.70895
cute top,32788.44224
love you,32556.33297
bit tight,32556.33297
was true,32556.33297
sooooo cute,32556.33297
very cool,32556.33297
trendy and,32495.71297
that fit,32495.71297
definitely ordering,32495.71297
suit cute,32495.71297
skin and,32495.71297
for special,32495.71297
detail the,32495.71297
and dainty,32495.71297
adore this,32495.71297
beautiful fits,32495.71297
nice fitting,32495.71297
love recommend,32495.71297
considering the,32495.71297
great fits,32495.71297
friends and,32495.71297
strong and,32495.71297
the hot,32495.71297
size comfortable,32495.71297
material cute,32495.71297
soo much,32495.71297
will continue,32495.71297
dress true,32495.71297
fit looks,32495.71297
and highly,32495.71297
everything from,32495.71297
the clothing,32495.71297
awesome and,32495.71297
comfy the,32495.71297
perfect exactly,32495.71297
amazing fits,32495.71297
comfortable would,32495.71297
really cool,32495.71297
comfy too,32495.71297
blouse love,32495.71297
and cozy,32495.71297
and excellent,32495.71297
glad did,32393.09593
flowy and,32393.09593
cool and,32393.09593
cute have,32393.09593
exactly pictured,32260.29761
very easy,31987.04128
like comment,31987.04128
but good,31911.59263
you happy,31838.94228
amazing loved,31838.94228
soft comfortable,31838.94228
and fresh,31838.94228
beautiful loved,31838.94228
overall love,31838.94228
gorgeous love,31838.94228
outfit fits,31838.94228
for jewelry,31838.94228
recommend buy,31838.94228
the bright,31838.94228
looks perfect,31838.94228
recommend please,31838.94228
with little,31838.94228
super beautiful,31838.94228
love exactly,31838.94228
affordable and,31838.94228
product great,31838.94228
dress much,31838.94228
work really,31838.94228
quality definitely,31838.94228
product highly,31838.94228
very impressed,31838.94228
not disappoint,31838.94228
extremely comfortable,31838.94228
comfortable soft,31838.94228
color matches,31838.94228
cute simple,31838.94228
great value,31838.94228
easy apply,31838.94228
super stylish,31838.94228
lovely and,31838.94228
shape and,31838.94228
the touch,31838.94228
cutest top,31838.94228
sunglasses they,31838.94228
definitely wear,31838.94228
with lot,31838.94228
definitely good,31838.94228
just what,31808.04085
very light,31801.22467
that this,31776.12901
quality fabric,31776.12901
way they,31776.12901
size nice,31776.12901
look good,31702.07961
and style,31684.15467
nice fits,31658.84385
and light,31361.9696
loved fits,31168.35444
feel comfortable,31168.35444
perfectly good,31168.35444
cute buy,31168.35444
unique and,31168.35444
several colors,31168.35444
everyday wear,31168.35444
material well,31168.35444
nice wear,31168.35444
love please,31168.35444
sexy sexy,31168.35444
pounds and,31168.35444
likes them,31168.35444
for valentines,31168.35444
cheap all,31168.35444
great really,31168.35444
product quality,31168.35444
your watch,31168.35444
love beautiful,31168.35444
love have,31168.35444
came early,31168.35444
and different,31168.35444
love they,31168.35444
and unique,31168.35444
definitely going,31168.35444
perfect top,31168.35444
all fit,31168.35444
comfortable will,31168.35444
absolutely stunning,31168.35444
really recommend,31149.00533
still super,31149.00533
nice colors,31149.00533
cute cant,31149.00533
for spring,31116.04226
wore this,30938.0082
fit just,30868.95617
design and,30655.49159
runs true,30511.25121
fast delivery,30511.25121
and shiny,30511.25121
received lot,30483.03759
excited try,30483.03759
got compliments,30483.03759
suit fits,30483.03759
nice look,30483.03759
them good,30483.03759
