just like the,52774.78966
like the picture,51606.98327
super cute and,41383.83106
love love love,37065.80815
love this shirt,22292.59897
love the color,21360.00851
very cute and,21339.65035
looks just like,14058.86393
for the price,12986.26718
good quality and,9599.039275
and good quality,9345.377551
and true size,8865.276444
love this top,8742.895307
exactly like the,8706.600957
true size and,7841.340826
absolutely love this,7466.273516
cute and comfortable,7175.030329
love the material,6812.653159
cute and comfy,6122.645241
very good quality,6114.349423
can wait wear,6021.187483
very comfortable and,5976.663956
the color and,5539.014279
super cute love,5370.616428
and love the,4862.780624
cute and fits,4702.352698
very nice and,4585.961684
cute love the,4535.686088
like the photo,4261.970291
and the material,4028.636548
fits true size,4000.5625
looks exactly like,3669.126331
love this dress,3641.901943
cute and good,3226.205987
great quality and,3189.26951
good good good,3130.550111
and fits well,3086.969448
love the colors,3021.68221
love love this,3021.68221
and great quality,2971.043589
and the color,2942.881402
not see through,2884.127949
perfect for summer,2878.161406
and fits perfectly,2870.959422
really cute and,2842.60444
love this much,2758.035534
for the summer,2752.45977
love the fit,2653.881365
soft and comfortable,2612.104325
perfect for the,2605.29309
very soft and,2592.591778
the colors are,2564.618338
and very comfortable,2428.406886
love the way,2388.195136
like the pictures,2302.427947
cute love this,2301.915961
and perfect for,2288.650477
got many compliments,2288.650477
would buy again,2218.48508
love with this,2171.45262
fits perfectly and,1998.638538
cute just like,1986.029204
fits very well,1967.204362
very satisfied with,1917.40374
the picture and,1890.492001
and fits great,1886.350976
very cute love,1806.691757
fits well and,1782.52224
very happy with,1770.278257
like for points,1770.278257
these are cute,1766.216727
true size love,1740.041381
looks like the,1694.982409
than expected but,1662.53274
quality for the,1656.502339
just like picture,1615.703188
they are very,1602.056635
would definitely recommend,1598.136979
but still cute,1591.965802
fit true size,1574.484079
love this outfit,1557.066831
cute love them,1551.162145
cute and true,1545.406421
great for the,1516.819236
cute and love,1499.363532
the material soft,1448.413136
and they are,1437.563447
love this item,1431.217314
really good quality,1420.079267
hermoso hermoso hermoso,1414.346492
will buy again,1408.767194
love the shirt,1398.56167
cute true size,1397.542486
super soft and,1375.704541
color and the,1347.798443
cute and fit,1347.534044
fits great and,1347.534044
cute and very,1342.045084
good material and,1320.134512
are cute and,1314.534138
and super cute,1298.404274
got this for,1279.190109
very pretty and,1239.343828
love the quality,1238.725206
cute and the,1238.725206
this super cute,1233.237609
see through but,1216.545528
love this one,1207.271804
happy with purchase,1206.648307
like the pic,1193.97315
cute love much,1164.225068
love this set,1159.062182
little big but,1151.341957
cute and great,1148.481175
material soft and,1143.342531
cant wait wear,1135.680398
the material and,1128.330818
cute and sexy,1106.816606
this bathing suit,1092.433691
good quality for,1091.336795
and looks just,1075.92983
bought this for,1073.701376
cute and soft,1072.297096
and the quality,1065.826979
like need points,1061.702205
really like this,1047.762403
wait wear this,1046.44669
are super cute,1025.136581
they are cute,1022.015935
fit very well,1015.326436
worth the price,1015.037438
and they fit,980.1
this shirt cute,970.4436069
really really really,970.1505038
and the fit,940.9
love these pants,935.7430258
all the time,934.4886837
look just like,931.6298232
true size very,926.2428505
super comfy and,917.0262745
definitely buy again,901.8204736
love the design,897.1598715
and looks great,896.8595208
this shirt very,892.5707884
thank you shein,872.9949428
for the beach,868.3880772
please like for,868.0846733
and good material,863.8533826
and fit perfectly,863.3539314
soft and comfy,863.3539314
cute and perfect,849.1107177
really love this,849.1107177
love them much,839.6243208
good quality love,839.6243208
other than that,834.3774355
cute and nice,820.8623583
but they are,816.888489
please like need,807.3678112
cute looks just,807.3678112
love this color,806.858111
this cute and,806.858111
was looking for,803.0153924
cute and looks,797.5311906
nice and comfortable,797.5311906
satisfied with this,788.4162491
super cute fits,779.0917864
the material very,776.5630147
and fits perfect,769.8727168
very nice quality,756.1659871
love true size,756.1659871
fit perfectly and,751.6515229
very nice material,751.6515229
with this purchase,751.6515229
great fit and,742.5415813
comfortable and cute,742.5415813
comfy and cute,738.5783252
fits really well,738.0548842
cute fits well,738.0548842
love the fabric,734.3698675
love this cute,729
love this product,729
the quality the,729
the material great,715.5417528
they fit perfectly,715.5417528
cute and flattering,706.7617669
very sexy and,702.4912639
love these much,697.7650124
absolutely love these,688.8773476
very good material,688.8773476
loved this shirt,680.2118788
fits perfect and,676.9314936
love the style,675.6722578
and fit well,675.6722578
little see through,671.8654046
and nice material,671.3270535
very comfy and,667.0646165
cute can wait,662.8823519
happy with the,650.7922975
very good and,649.5190528
material true size,645.2317515
very well and,645.2317515
nice material and,645.2317515
happy with this,641.7777778
loved the color,636.9058317
super comfortable and,636.5720698
these they are,636.5720698
this shirt fits,632.3140148
quality true size,623.7122734
the material good,619.4836669
satisfied with purchase,598.5967591
what was looking,598.5967591
perfect fit and,598.2566339
the fit and,590.004423
soft material and,590.004423
and great material,585.6620186
great material and,585.6620186
love these shorts,581.5230125
good for the,577.470538
soft and stretchy,574.6408484
very cute top,574.4752659
cute and stylish,573.1570465
are good quality,573.1570465
exactly what was,569.0483409
very nice love,560.7423651
really nice and,560.7423651
but very cute,560.7423651
please like this,557.2329018
but super cute,553.4550081
really like the,553.3216346
this very cute,548.4186357
these are very,548.4186357
great for summer,544.3712104
love this blouse,544.3712104
they are super,536.5381227
good quality material,536.1865347
and great for,536.1865347
cute perfect for,536.1865347
super cute for,528.2425913
very cute shirt,524.400776
got lot compliments,524.0467536
size love the,516.1659024
they fit well,508.6302293
love the look,508.0462729
love these they,508.0462729
very very cute,508.0462729
very well made,500.0469978
super cute just,497.9210251
and the fabric,496.125
this shirt much,496.125
and not too,496.125
but love the,496.125
the color the,491.1462737
can wait use,488.5501277
the material nice,488.1884882
quality and very,488.1884882
such good quality,488.1884882
very cute fits,488.1884882
have sized down,485.1722961
better than expected,484.2984781
nice and soft,484.2984781
the way fits,480.5
these are super,476.7895198
fits good and,476.4252302
cute good quality,476.4252302
this top cute,472.5674726
cute for summer,472.5674726
and very good,464.7580015
fits great love,464.7580015
size and very,464.7580015
love them they,464.7580015
the sleeves are,464.5363132
this shirt and,460.9327678
will ordering more,459.4458774
got these for,458.3006437
love the pattern,457.2004572
love this fits,453.5573676
and the colors,453.1875991
would definitely buy,446.5250445
please like review,445.696379
love this for,441.7148401
the picture love,441.7148401
great and the,441.7148401
fit well and,438.5647768
fits just right,437.9554965
like the color,436.5641251
the quality and,434.2905326
light weight and,434.2905326
and very cute,430.3405628
love everything about,430.3405628
well made and,430.3405628
fits perfectly love,430.3405628
cute cute cute,430.3405628
could have sized,427.9882768
will order more,422.9837718
was super cute,419.4440964
cute for the,419.0656273
definitely recommend this,419.0656273
absolutely love the,419.0656273
and looks good,419.0656273
love this suit,419.0656273
and just like,415.3733472
very cute but,414.5091802
the color beautiful,411.7769734
can dress down,408.2724248
and well made,407.8909168
definitely worth the,407.8909168
love this the,407.8909168
cute and simple,407.8909168
great quality love,407.8909168
the material was,404.6580305
very true size,404.2326284
love super cute,404.2326284
satisfied with the,404.2326284
bigger than expected,402.9888527
worth the money,401.5236555
this shirt was,399.9242542
exactly like picture,397.2019594
and cute love,396.8173383
quality and fits,396.8173383
super cute looks,396.8173383
will definitely buy,396.8173383
colors are vibrant,396.8173383
you can wear,393.8214557
will buying more,393.1933598
this shirt the,390.5258207
cannot wait wear,390.5258207
bit big but,390.5258207
you can dress,389.6668907
material and the,386.2336353
exactly what wanted,385.8458241
the colors and,385.8458241
very beautiful and,382.2564826
great quality for,382.2564826
shirt love the,382.2564826
shirt true size,378.7654827
like the photos,376.4539813
super cute top,375.3684143
like the material,375.2050721
and comfortable wear,374.9773326
cute love these,374.9773326
they are perfect,374.9773326
expected but still,374.9773326
super sexy and,371.4229649
fit great and,371.4229649
love love the,371.4229649
nice quality and,371.4229649
than thought but,367.9677925
the first time,365.7006509
love this skirt,364.2128499
quality and good,364.2128499
color and fit,364.2128499
nice and good,364.2128499
great love the,364.2128499
very soft material,364.2128499
these are great,360.6938026
this shirt super,360.6938026
they are comfortable,360.6938026
and she loves,360.6938026
super cute but,360
and looks like,358.1535494
got lots compliments,357.2748268
cute and stretchy,353.9512678
all the colors,353.9512678
super cute loved,353.5533906
them they are,353.5533906
and easy use,353.5533906
was cute and,353.5533906
love this bathing,353.5533906
true size good,353.5533906
but other than,352.0308153
and fits true,350.070021
perfect for work,350.070021
will buy more,350.070021
very nice shirt,346.6876226
not too tight,346.6876226
love how fits,343
quality and great,343
really good and,343
little small but,343
and light weight,340.2069087
true size the,340.2069087
cute fits perfectly,339.5526763
smaller than expected,338.1635768
the fabric soft,332.9587928
just like photo,332.9587928
are very comfortable,332.9587928
color and fits,332.5537551
and comfortable and,332.5537551
and fit great,332.5537551
they are good,332.5537551
would highly recommend,332.5537551
and fits good,332.5537551
the quality great,332.5537551
this top super,332.5537551
are very nice,332.5537551
cute and just,332.5537551
the material feels,331.1330893
soft and cute,329.802714
and can wait,329.1428571
and fits very,329.1428571
and soft material,325.8348048
good quality very,325.8348048
but not too,323.750774
the picture very,323.750774
and fit perfect,322.2157662
fits nice and,322.2157662
the fit perfect,322.2157662
the bottoms are,320.0921998
fits like glove,319.507313
love this very,318.8416862
like very much,318.8416862
love this too,318.8416862
these pants are,316.4787393
top super cute,315.5714286
fit just right,315.5714286
but still very,315.5714286
the picture but,315.4175804
thank you much,311.9871792
love this super,311.9871792
the quality good,311.9871792
are very cute,311.9871792
fit love the,311.9871792
and great fit,311.9871792
love this belt,311.9871792
love love these,308.650322
material and fits,308.650322
fits really good,308.650322
material very soft,308.650322
material nice and,308.650322
really cute love,308.650322
this true size,308.650322
was true size,305.4182924
super cute the,305.1722551
measurements are correct,303.4294858
same the picture,303.4294858
love these glasses,301.869177
will order again,301.869177
highly recommend this,301.869177
size and fits,301.869177
very satisfied very,301.869177
bit see through,300.6068245
the way this,298.5699612
does the job,298.5699612
love all the,295.3766078
love this swimsuit,295.3766078
cute and not,293.4364038
and you can,292.2835738
such cute top,292.2835738
this cute love,291.8629816
perfect size for,285.4476271
this top very,285.4476271
super super cute,283.556717
love just like,281.9698565
goes with everything,281.9698565
these are perfect,281.9698565
super cute very,281.9698565
love cute and,281.9698565
love fits perfectly,281.9698565
well and looks,281.9698565
fabric soft and,281.9698565
than the picture,280.8169743
this really cute,278.7472381
was perfect for,278.7472381
true size fits,278.7472381
comfortable and soft,278.7472381
really love the,278.7472381
fit perfect and,278.7472381
with this shirt,278.155142
the same the,278.155142
these are the,275.632646
and very soft,275.632646
very nice color,275.632646
excellent quality and,272.1911093
and easy put,272.1911093
cute fits great,272.1911093
and comfortable love,272.1911093
pretty good quality,272.1911093
looks really good,272.1911093
top love the,272.1911093
comfortable and true,272.1911093
very good product,272.1911093
but still love,272.1911093
loves this shirt,269.0074781
and perfect fit,269.0074781
the perfect size,265.9330059
love the top,264.1428571
material and very,262.5280937
love good quality,262.5280937
the color pretty,262.5280937
good quality true,262.5280937
love this piece,262.5280937
everything about this,262.5280937
very nice for,262.5280937
love these and,262.5280937
the color very,262.5280937
really well and,262.5280937
quality very good,262.5280937
see through and,261.0501867
definitely recommend buying,259.3839313
just like pictures,259.3839313
the way they,259.3839313
quality and the,256.3500967
these are really,256.3500967
fit really well,253.4202851
like this shirt,253.4202851
and got many,252.9822128
perfect size and,252.9822128
can dressed down,252.9822128
good quality good,252.9822128
this top fits,252.9822128
cute and easy,252.9822128
great true size,252.9822128
good and the,252.9822128
and super comfortable,252.9822128
received many compliments,252.9822128
nice love the,250.5886847
runs true size,249.878019
well and the,249.878019
cute cant wait,249.878019
see through all,247.0094068
nice color and,246.8853599
looks good and,246.8853599
this top the,246.8853599
the quality this,246.8853599
was little big,244.6227865
good quality will,243.5549219
satisfied very satisfied,243.5549219
and looks cute,243.5549219
material love the,243.5549219
and great price,243.5549219
love them and,243.5549219
nice and the,243.5549219
very cute for,243.5549219
look like the,242.3040348
would order again,241.2090757
true size great,240.4912161
stretchy and comfortable,240.4912161
sooo cute and,240.4912161
perfect fit for,240.4912161
this such cute,240.4912161
than thought would,237.5402918
the shorts are,234.8232348
and very comfy,234.6953953
look exactly like,234.2477321
super cute true,234.2477321
the price and,234.2477321
the fabric and,234.2477321
and the price,231.2250541
please like comment,231.2250541
very cute looks,231.2250541
measurements are accurate,229.2993776
loved this top,228.3164471
such cute shirt,228.3164471
got them for,226.7372929
obsessed with this,226.6659938
and not see,226.27417
very nice like,225.0622136
and love how,225.0622136
loved this outfit,225.0622136
with the quality,225.0622136
super cute would,225.0622136
and looks exactly,225.0622136
quality and fit,225.0622136
cute absolutely love,225.0622136
love with these,225.0622136
pretty love the,225.0622136
true size but,224.2592153
very cute just,222.8140373
and good for,222.0811255
can wait for,222.0811255
this very nice,222.0811255
still super cute,222.0811255
wait wear them,219.2154426
very cute the,219.2154426
cute shirt and,216.4579058
the material super,216.4579058
sexy and comfortable,216
comfortable true size,216
comfortable and the,216
cute would recommend,216
and good price,216
just what needed,216
and will definitely,216
perfect love the,216
cute top love,216
and very nice,216
very pleased with,216
for going out,213.0610875
colors are bright,213.0610875
was very cute,213.0610875
the top was,212.9061847
this was cute,210.6290477
they look just,210.2389618
nice and cute,210.2389618
love this and,210.2389618
bought these for,208.7705428
runs little big,208.4234472
size and fit,207.0627924
are beautiful and,207.0627924
this fits perfectly,207.0627924
quality love the,207.0627924
cute love and,207.0627924
looks great and,207.0627924
and good fit,207.0627924
worth the buy,207.0627924
the way looks,207.0627924
absolutely loved this,207.0627924
super cute fit,207.0627924
very stretchy and,204.2124384
and like the,201.3887594
too big but,201.3887594
shirt and the,201.3887594
you have big,199.6891734
super cute got,198.7212409
great fit love,198.2523644
cute omg love,198.2523644
for summer and,198.2523644
fit good and,198.2523644
and has good,198.2523644
soooo cute and,198.2523644
great for work,198.2523644
love this little,198.2523644
the picture good,198.2523644
love this bikini,198.2523644
are perfect for,198.2523644
picture true size,198.2523644
the design and,196.1569884
great and looks,195.3996637
fit and the,195.3996637
goes well with,195.3996637
and the way,195.3996637
the right size,195.3793513
shorter than expected,193.6058367
they look good,192.6666667
super cute little,192.6666667
cute they are,192.6666667
cute but little,191.0847752
super cute shirt,190.0452293
the quality very,189.5705673
beautiful color and,189.5705673
but still good,189.5705673
are really cute,189.5705673
cute and light,189.5705673
definitely true size,189.5705673
great color and,189.5705673
favorite favorite favorite,189.5705673
good quality would,189.5705673
cute color and,189.5705673
and comfy love,189.5705673
and really good,189.5705673
comfortable and stretchy,189.5705673
the same time,189.5705673
and was perfect,189.5705673
and was very,189.5705673
would purchase again,189.5705673
true size nice,189.5705673
fits perfect love,189.5705673
are true size,187.5279628
and she loved,186.7619592
the material really,186.7619592
color and quality,186.7619592
very comfortable love,186.7619592
the style and,184.0745967
super stretchy and,184.0745967
for apple watch,184.0745967
for mom and,184.0745967
but not see,183.2820777
very light weight,181.5
just like pic,181.5
really good material,181.019336
with this product,181.019336
quality and cute,181.019336
quality and nice,181.019336
with the purchase,181.019336
they fit great,181.019336
and fit very,181.019336
comfortable and fits,181.019336
nice good quality,181.019336
looks great with,181.019336
nice true size,181.019336
can wear with,181.019336
very nice fits,181.019336
nice fit and,181.019336
just what wanted,181.019336
many compliments this,181.019336
still very cute,180.5368687
but the material,179.7585066
shirt very comfortable,178.2555197
the color perfect,178.2555197
with this item,178.2555197
love with the,178.2555197
love how looks,178.2555197
this for daughter,178.2555197
loved the material,178.2555197
shirt cute and,178.2555197
size and the,178.2555197
shirt super cute,178.2555197
cute bathing suit,175.6145512
you can see,175
but the top,174.2735572
love how this,172.6006952
very cute good,172.6006952
just the right,172.6006952
but still super,172.6006952
love the feel,172.6006952
looks really cute,172.6006952
cute great quality,172.6006952
perfect for any,172.6006952
material great and,172.6006952
one favorite shirts,172.6006952
especially for the,172.6006952
shirt fits great,172.6006952
the fabric very,172.6006952
very comfortable wear,172.6006952
nice and fits,172.6006952
very good love,172.6006952
love the sleeves,172.6006952
super good quality,172.6006952
material very nice,172.6006952
super cute great,170.6666667
comfortable love the,169.8824042
are the best,169.8824042
material perfect for,169.8824042
very light and,169.8824042
its cute and,169.8824042
nice for the,169.8824042
they are pretty,168.344563
wear all the,167.2886274
this shirt for,167.2886274
these glasses are,167.2886274
with this top,167.2886274
the picture the,166.1147352
cute just pictured,164.8101403
sized down but,164.8101403
this top and,164.8101403
these shorts are,164.3167673
recommend buying this,164.3167673
sooo cute love,164.3167673
and would recommend,164.3167673
soft and fits,164.3167673
looks very nice,164.3167673
cute shirt love,164.3167673
cute and fun,164.3167673
fits very nice,164.3167673
sexy and fits,164.3167673
the color fits,164.3167673
they fit good,164.3167673
this the best,164.3167673
really like them,164.3167673
this the cutest,164.3167673
quality and true,164.3167673
size and good,164.3167673
very cute very,164.3167673
nice just like,164.3167673
happy birthday you,164.3167673
love this looks,164.3167673
color and material,164.3167673
this for mom,161.9086162
really pretty and,161.6447718
soft and nice,161.6447718
great quality material,161.6447718
are soft and,161.6447718
little tight the,161.6447718
very good for,161.6447718
and they look,161.6447718
all the right,159.0990258
very flattering and,159.0990258
they are great,159.0990258
exactly like photo,159.0990258
spring and summer,159.0990258
they fit very,159.0990258
bigger than thought,159.0990258
they are the,159.0990258
like this top,157.9874268
the material the,156.6698904
for any occasion,156.1697794
get many compliments,156.1697794
and fits nicely,156.1697794
for work and,156.1697794
colors are beautiful,156.1697794
cute definitely recommend,156.1697794
fits well love,156.1697794
love very much,156.1697794
very very very,156.1697794
look and feel,156.1697794
that you can,156.1697794
not too short,156.1697794
material good quality,156.1697794
big but still,156.1697794
absolutely love with,156.1697794
and perfect size,156.1697794
size good quality,156.1697794
cute and really,156.1697794
cute and super,156.1697794
and goes with,156.1697794
very high quality,156.1697794
and nice quality,156.1697794
not too bad,156.1697794
the right places,156.1697794
cute the color,156.1697794
shirt soft and,156.1697794
love shein love,156.1697794
recommend this product,156.1697794
perfect fit love,156.1697794
picture very cute,156.1697794
true size would,156.1697794
beautiful just like,156.1697794
they are beautiful,153.5448903
perfect and the,153.5448903
well and very,153.5448903
material super soft,153.5448903
the color looks,153.5448903
true size looks,151.048059
the shirt and,151.048059
this was very,151.048059
around the house,150
them they fit,148.6692007
quality good and,148.1620734
this was perfect,148.1620734
quality highly recommend,148.1620734
and fits really,148.1620734
love this fit,148.1620734
the color great,148.1620734
its really cute,148.1620734
true the size,148.1620734
and works great,148.1620734
super cute can,148.1620734
and super soft,148.1620734
and really cute,148.1620734
looks really nice,148.1620734
shein never disappoints,148.1620734
cute top for,148.1620734
for boyfriend and,148.1620734
and the design,148.1620734
the fit was,147.9590886
not the best,146.2857143
cute got for,145.5851451
loved the fit,145.5851451
you should buy,145.5851451
cute like the,145.5851451
soft and the,145.5851451
looks and feels,143.1381617
the color this,143.1381617
sexy and cute,142.1549456
you have bigger,142.1549456
and comfortable the,140.2961154
good quality recommend,140.2961154
more different colors,140.2961154
very cute true,140.2961154
perfect just like,140.2961154
loved this much,140.2961154
they fit perfect,140.2961154
very nice good,140.2961154
perfect true size,140.2961154
picture good quality,140.2961154
comfortable and easy,140.2961154
this watch band,140.2961154
was very nice,140.2961154
love fits great,140.2961154
the material amazing,140.2961154
very nice just,140.2961154
love this great,140.2961154
and love them,140.2961154
are cute love,140.2961154
this shirt soft,140.2961154
good quality nice,140.2961154
cute and pretty,140.2961154
son loves this,140.2961154
absolutely love them,140.2961154
the cutest thing,140.2961154
love these shirts,140.2961154
should have sized,138.7084022
and this one,138.5929291
they are really,138.5929291
super cute good,137.7680504
love this true,137.7680504
the color was,137.7680504
little bigger than,137.7680504
shirt very cute,137.7680504
good quality looks,137.7680504
this one favorite,137.7680504
like like like,137.7680504
this for the,137.7680504
shirt fits perfectly,137.7680504
size down but,136.4768823
cute the material,136.4768823
color just like,135.3719015
the color just,135.3719015
true size fit,135.3719015
cute would buy,135.3719015
they are not,134.6677774
works very well,133.0965815
for baby girl,132.5745074
comfortable and good,132.5745074
the picture true,132.5745074
love these super,132.5745074
loved the way,132.5745074
very stylish and,132.5745074
bit tight but,132.5745074
are vibrant and,132.5745074
very nice top,132.5745074
cute top and,132.5745074
this perfect for,132.5745074
very nice fit,132.5745074
cute loved the,132.5745074
goes great with,132.5745074
the picture great,132.5745074
comfortable and flattering,132.5745074
easy put and,132.5745074
amazing amazing amazing,132.5745074
height and weight,132.5745074
shein love shein,132.5745074
perfect for spring,132.5745074
material and fit,132.5745074
love these sunglasses,132.5745074
and just pictured,132.5745074
beautiful and comfortable,132.5745074
and love that,132.5745074
the color amazing,132.5745074
but fits well,132.5745074
are nice and,132.5745074
this swim suit,130.9322652
cute highly recommend,130.0962607
cute and exactly,130.0962607
nice and comfy,130.0962607
shown the picture,130.0962607
top true size,130.0962607
the only thing,129.9038106
wish they had,128.8702109
still cute and,127.7519919
this top much,127.7519919
and fits nice,127.7519919
can not wait,127.7519919
bought them for,127.7519919
are the perfect,127.7519919
for what needed,125.5300486
these are nice,125.5300486
are comfortable and,125.5300486
thought but still,125.5300486
the quality amazing,125.5300486
little thin but,125.5300486
around the waist,125.5300486
photo would recommend,125
the material perfect,125
good material love,125
perfect for vacation,125
super cute perfect,125
the photo would,125
comfy and soft,125
them and they,125
quality and super,125
but they fit,125
the color cute,125
would recommend this,125
fit and quality,125
very pretty love,125
the fit true,125
love the texture,125
amazing quality and,125
for the office,125
such great quality,125
very pretty color,125
but not bad,125
thank you for,125
this color and,125
very see through,125
for the gym,125
the pants are,123.4201496
bottoms are little,123.4201496
material not see,123.4201496
the photo and,122.5725845
thin material but,122.5725845
excited receive this,122.5725845
looks super cute,122.5725845
the picture fits,122.5725845
this top was,121.4131842
little short but,121.4131842
and the top,121.4131842
mom and she,120.2813061
this was super,120.2813061
the screen protector,120.2813061
and very stretchy,120.2813061
just the picture,120.2813061
beautiful and the,120.2813061
not too big,120.2813061
all the way,120.2813061
perfect for what,120.2813061
the shirt fits,120.2813061
for spring and,120.2813061
love the dress,120.2813061
very comfortable the,118.1138978
little tight but,118.1138978
looks like picture,118.1138978
the job done,118.1138978
size very cute,118.1138978
nice nice nice,117.5755077
pretty and comfortable,117.5755077
quality would recommend,117.5755077
the look and,117.5755077
will purchase again,117.5755077
