love this,0.272470768
cute and,0.251051408
super cute,0.242623791
love the,0.235686352
true size,0.21074632
very cute,0.206736248
good quality,0.195034661
like the,0.192368971
love love,0.168265018
just like,0.162930681
very nice,0.159358644
the picture,0.158608463
this shirt,0.15812749
and the,0.157090505
the color,0.156780151
the material,0.146349221
for the,0.142550715
cute love,0.142508678
perfect for,0.141208941
love these,0.139379268
they are,0.135021337
and comfortable,0.133708951
great quality,0.132787449
and fits,0.132623671
very comfortable,0.131865399
very good,0.126725273
love them,0.12614903
fits perfectly,0.124413403
soft and,0.119978176
quality and,0.119150101
absolutely love,0.118875186
nice and,0.117982344
these are,0.117410485
this top,0.116025848
fits well,0.114665796
comfortable and,0.114094914
really cute,0.112082326
and very,0.111447226
and good,0.110794303
fits great,0.108842622
the price,0.107783323
good material,0.100107078
and cute,0.099573316
color and,0.099479485
and love,0.098360367
the quality,0.097938795
size and,0.097480423
and fit,0.096532351
looks just,0.096047374
and comfy,0.095973249
but still,0.094244155
and looks,0.094122477
material and,0.093609004
and great,0.093266949
can wait,0.092207306
highly recommend,0.091844815
exactly like,0.091525756
for summer,0.091395753
love much,0.091086588
please like,0.09061503
see through,0.090601624
great for,0.090393847
loved this,0.090322534
fit perfectly,0.090315419
the colors,0.089920401
the fit,0.089366049
very pretty,0.08913208
definitely recommend,0.089111223
really nice,0.088612141
this dress,0.087770183
fits perfect,0.087458589
with this,0.087314505
and true,0.086739199
wait wear,0.086515366
perfect fit,0.086286092
good and,0.085926614
really good,0.085295571
nice material,0.085044897
very well,0.085033406
this one,0.084888715
with the,0.084640257
they fit,0.083978022
very satisfied,0.082993338
great material,0.082918293
and they,0.082422457
very soft,0.082031508
buy again,0.081203471
this cute,0.080783358
the shirt,0.080744417
well and,0.080167399
this for,0.080152936
comfy and,0.080097562
great fit,0.07995185
like this,0.078747115
fit and,0.078604177
and soft,0.078371241
great and,0.078198903
thank you,0.077901511
the fabric,0.077489336
the top,0.077318809
and nice,0.076697625
would recommend,0.076446509
are cute,0.076211297
loved the,0.076038352
pretty and,0.075081102
looks good,0.074928167
beautiful and,0.074753782
this outfit,0.074257556
looks great,0.074236955
you can,0.073476321
happy with,0.073439355
the way,0.072972753
really like,0.07222237
and perfect,0.072008463
than expected,0.071896386
cute top,0.071766591
all the,0.071198841
fit perfect,0.071036302
the photo,0.07087548
fits good,0.070641825
this item,0.070320512
fit great,0.070168393
the best,0.070158376
many compliments,0.069936778
are very,0.069890139
this was,0.069856102
love how,0.069518686
cute for,0.069078626
love with,0.06896026
not too,0.068949805
good good,0.068819926
good for,0.068712116
cute fits,0.068596121
colors are,0.068523803
fit well,0.068292626
and super,0.067932255
very sexy,0.067149037
perfect and,0.066586917
big but,0.066357041
such cute,0.066331167
nice quality,0.066309792
soft material,0.065916579
cute shirt,0.065772873
just pictured,0.065564259
satisfied with,0.065374195
this set,0.064984411
super soft,0.064961927
perfectly and,0.064885777
well made,0.064771519
for work,0.064686332
sexy and,0.064665716
but cute,0.064439215
bathing suit,0.064368596
from shein,0.063965365
very beautiful,0.063933796
looks exactly,0.063614532
little big,0.063543543
fits true,0.063440766
would definitely,0.062991302
very comfy,0.06252835
this much,0.062330975
fits very,0.062329518
and sexy,0.062329028
and not,0.062160201
love and,0.062084608
perfect size,0.061972716
really love,0.061957406
cute just,0.061781972
looks like,0.061197929
but the,0.061156299
like picture,0.060508794
this product,0.060318184
the summer,0.060264807
exactly pictured,0.060191875
this very,0.060136579
got this,0.060040918
and was,0.059962585
would buy,0.059716553
super comfortable,0.059288069
very much,0.059283187
they look,0.059202352
the pictures,0.05880392
and will,0.058683296
worth the,0.05863817
super comfy,0.058419494
will definitely,0.058373796
and stretchy,0.058288954
wear this,0.058274943
light weight,0.058179577
fit good,0.057974981
was very,0.057736782
this fits,0.057646604
this the,0.057595147
was perfect,0.05728493
nice fit,0.057157061
the perfect,0.057157061
will buy,0.057152785
quality for,0.057012228
very happy,0.056745191
really well,0.056618647
but love,0.056603552
nice shirt,0.056538698
but overall,0.056359521
cute the,0.056146034
fit very,0.055879735
cute but,0.055731665
exactly what,0.05555037
recommend this,0.055498345
the size,0.05546198
material soft,0.055382685
small but,0.05531606
bought this,0.055099301
with purchase,0.054954917
love very,0.054938456
but not,0.054880335
and easy,0.054797414
nice love,0.054672718
very very,0.054639834
not see,0.054473427
material very,0.054291689
are super,0.054025267
great product,0.053943422
shirt and,0.053897093
the cutest,0.053802024
love fits,0.053799772
the design,0.05364795
just right,0.053536965
got many,0.053366503
but they,0.053272853
and has,0.053256666
and just,0.053193239
and flattering,0.053078036
these pants,0.05306583
the beach,0.053048126
one favorite,0.052956155
and pretty,0.052941265
the same,0.052827102
stretchy and,0.052805319
size love,0.052785661
high quality,0.052402153
very flattering,0.052371819
still cute,0.052360535
and material,0.052353558
you have,0.052230232
expected but,0.052221093
for points,0.052205599
great price,0.052200039
bought for,0.052148626
cant wait,0.052107484
and really,0.052082758
picture and,0.052059526
fits really,0.05175349
quality love,0.051745971
and got,0.051689665
but very,0.051614106
loved them,0.05160953
good fit,0.05151042
every color,0.051466765
material great,0.051303059
and quality,0.05117434
fits nice,0.051165382
shirt fits,0.05115793
different colors,0.051023058
sooo cute,0.05075728
look good,0.050634363
like for,0.050557244
looks cute,0.050538996
cute looks,0.050465412
nice color,0.050396288
and can,0.050259848
definitely buy,0.050250423
better than,0.05009631
quality good,0.050077576
cute very,0.050074794
great love,0.049764754
really really,0.049609007
looking for,0.049353094
super sexy,0.049298951
cute loved,0.049296038
and this,0.049184651
this super,0.049141746
cute little,0.049087956
material good,0.048984038
this blouse,0.048908192
pretty good,0.048856171
other colors,0.048697722
and color,0.048678838
love shein,0.048664063
the back,0.048590584
these for,0.04833413
fit true,0.048187758
than thought,0.048141959
shirt very,0.048100805
easy use,0.048071125
was cute,0.047790223
cute fit,0.047725145
amazing and,0.047699317
little bit,0.047687727
quality very,0.047562879
are perfect,0.047537897
colors and,0.047247893
perfect love,0.047055805
love that,0.047047005
the product,0.046860072
got for,0.046838532
are great,0.046733505
amazing quality,0.04671572
excellent quality,0.04671572
cute got,0.046589125
these shorts,0.046567736
love cute,0.046549767
the pic,0.046482511
this color,0.046411205
really pretty,0.046342533
top and,0.046321932
more colors,0.046295965
size for,0.046240771
size down,0.046230615
beautiful beautiful,0.046216072
them for,0.046176036
the style,0.046155238
them they,0.046136059
apple watch,0.046108012
need points,0.04598795
like them,0.045908825
wear them,0.045888332
good product,0.04588477
loves them,0.04588477
and beautiful,0.045881173
easy put,0.045800505
this fit,0.045752406
quality the,0.045552272
quality material,0.045211375
son loves,0.04520021
the sleeves,0.045128063
bigger than,0.045091679
wear with,0.044958163
can wear,0.044928035
but fits,0.044887275
and she,0.044861627
beautiful color,0.044861627
will order,0.044742926
cute true,0.04468362
and stylish,0.04468362
size but,0.044592763
the right,0.044476391
soooo cute,0.044166378
and look,0.044031604
like need,0.043909749
and feels,0.043805495
the dress,0.043805495
for daughter,0.043695484
buy more,0.043460018
for vacation,0.043455801
highly recommended,0.043454365
comes with,0.043407881
than the,0.043359852
look great,0.043298081
these they,0.043298081
top fits,0.043298081
looks nice,0.043288578
this great,0.043281629
loves this,0.043277361
beautiful love,0.043275907
was little,0.043250801
and would,0.043249452
for son,0.043201981
this skirt,0.043201981
around the,0.043154287
shirt cute,0.043145655
what was,0.043010478
just what,0.042983148
material nice,0.042922628
are good,0.042922628
and light,0.04280323
pretty love,0.042741998
thin but,0.042655503
looks very,0.042642011
looks really,0.042590375
light and,0.042577862
you want,0.042465504
this swimsuit,0.04242368
for baby,0.042408566
are beautiful,0.042373891
the shorts,0.042230168
for this,0.042221305
nice for,0.04220295
and its,0.042197283
order again,0.042096079
husband loves,0.042005477
comfortable wear,0.042005477
cute perfect,0.042005477
little small,0.042003506
yet but,0.041928859
was great,0.041874096
new favorite,0.041858431
fits just,0.041845298
but like,0.041834829
just the,0.04183172
love all,0.041827162
them much,0.041820836
this and,0.041751029
the look,0.041660153
lots compliments,0.041641786
shirt love,0.041637007
material but,0.041635377
shirt the,0.041522213
flattering and,0.041503698
with jeans,0.041487646
comfortable love,0.04145074
loved much,0.041449088
great with,0.041449088
material love,0.041449088
the bottoms,0.041410087
they were,0.041337981
these glasses,0.041317265
cute would,0.041317265
are the,0.04130882
love everything,0.041268538
great color,0.041263633
such good,0.041261958
size very,0.041099733
this purchase,0.041075673
good love,0.041073975
through but,0.040936331
dress down,0.040925211
super nice,0.040900069
good price,0.040885129
very light,0.040752894
with these,0.040595195
the time,0.040560178
and are,0.040520144
cute cute,0.040504794
fit just,0.040372304
cute good,0.040328842
omg love,0.040320325
love super,0.040315075
absolutely loved,0.04031328
are really,0.040216447
this bathing,0.040180671
well with,0.040136632
quality great,0.040122673
amazing love,0.040120853
its cute,0.040057038
could have,0.040003472
works great,0.039970357
fast shipping,0.039955427
order more,0.039943499
goes with,0.039929344
and loved,0.039929344
perfectly love,0.039927499
little tight,0.039797563
cute can,0.039794662
exactly described,0.039644875
the waist,0.039642905
feel like,0.03962809
this suit,0.039545408
got the,0.039396935
can dress,0.039358431
adorable and,0.039343662
well love,0.039343662
sized down,0.039224517
shirt for,0.039208597
look just,0.039208597
them and,0.039189848
fits nicely,0.039161472
but super,0.039146178
definitely worth,0.03914453
will ordering,0.039114361
fabric and,0.039033166
very stretchy,0.039029853
watch band,0.038963521
bit big,0.038868093
and like,0.038835182
this really,0.038813023
pretty color,0.038793751
these much,0.038755023
lot compliments,0.038747114
and breathable,0.038747114
but was,0.038654656
must have,0.038626429
get this,0.038448696
buy this,0.03841342
but good,0.0383936
pls like,0.038355264
fit love,0.038347659
top for,0.038320786
you should,0.038268777
fits like,0.038190018
cute with,0.038143226
are nice,0.038009664
wore this,0.03798927
this summer,0.037972093
bright and,0.037941941
cute like,0.037941941
the pattern,0.037917933
color the,0.037755432
this perfect,0.037754094
was super,0.037749781
material fits,0.037737447
what wanted,0.037625728
this looks,0.037580628
cute great,0.037562933
this piece,0.037562933
recommend buying,0.037562933
looks amazing,0.037548749
you shein,0.037538303
this beautiful,0.037529622
she loves,0.037374647
absolutely beautiful,0.037331668
these and,0.037322845
and you,0.037241792
size the,0.037146443
loved these,0.037117208
and works,0.037114917
like photo,0.037099469
was looking,0.036981229
material not,0.036973102
good fabric,0.036914933
top love,0.036908147
you are,0.036907315
but will,0.036893161
for sure,0.036826334
was the,0.036802699
cannot wait,0.036797699
with everything,0.036715929
and simple,0.036697895
but this,0.036696913
picture love,0.036695526
love true,0.036695526
everything about,0.036695526
when you,0.036686356
short but,0.036648856
but looks,0.036639494
the front,0.036619365
the pants,0.036568771
must buy,0.03652011
color very,0.036486433
love good,0.036484023
wear the,0.03647844
what needed,0.036438688
are pretty,0.036342337
the job,0.03632739
are little,0.036316334
bottoms are,0.036300864
and feel,0.036280874
works well,0.036280874
love just,0.036280874
other than,0.036230171
sleeves are,0.036217001
measurements are,0.03614099
year old,0.036131435
fit nice,0.036114331
really liked,0.03607875
lightweight and,0.036067049
material feels,0.03605921
just love,0.036057294
are amazing,0.036057294
absolutely adorable,0.036057294
was good,0.036014769
swim suit,0.03595093
size fits,0.03590002
and have,0.035877301
buying more,0.035851951
fits amazing,0.035844565
sexy love,0.035842025
shorts are,0.035759374
the length,0.035741502
not bad,0.035708552
wait use,0.035687466
obsessed with,0.035685385
cute color,0.035684435
style and,0.035684435
and style,0.035664052
love looks,0.035647664
for mom,0.035644016
how fits,0.035635557
stylish and,0.035628041
purchase again,0.035625455
same the,0.035585205
look like,0.035531147
top cute,0.035492065
fit really,0.035492065
fabric soft,0.035430163
material true,0.035410193
cute will,0.035410193
super good,0.03540756
ordering more,0.035369625
from the,0.035345524
wear and,0.03533463
the outfit,0.035302773
cute outfit,0.035249354
design and,0.03522828
soft fabric,0.035198787
loves these,0.035198787
gift for,0.035198787
and lightweight,0.035188316
color love,0.035188316
tight but,0.035055141
top very,0.035055141
smaller than,0.035010079
pants are,0.035004564
look and,0.034991123
such great,0.034978362
pleased with,0.034967697
and elegant,0.034967697
quality true,0.034967697
soo cute,0.034888106
just described,0.034864104
little see,0.034864104
the item,0.034795138
thought but,0.034787091
cute dress,0.034769534
and well,0.034769534
and how,0.034756541
cute definitely,0.034756541
for any,0.034748462
excited wear,0.034745678
you get,0.034727614
shirt was,0.034585009
cute they,0.034564402
recommend you,0.034533299
outfit for,0.034525068
that the,0.034485174
than that,0.034409049
top the,0.034390862
are comfortable,0.034362858
this belt,0.03434028
the pink,0.034309202
comfy love,0.034297328
love great,0.034297328
this nice,0.034137681
feels good,0.034137681
nice top,0.034114698
fit the,0.034112814
will buying,0.034096169
color beautiful,0.034082439
price and,0.03407389
quality would,0.034070941
size good,0.034070941
super super,0.034005259
for boyfriend,0.033868754
nice fabric,0.033846047
nice good,0.033843039
totally recommend,0.033843039
got these,0.033751447
material super,0.033743012
like that,0.033679657
screen protector,0.033659039
wearing this,0.03362555
for little,0.033616661
dress and,0.033616661
for and,0.03360894
the photos,0.033550743
like glove,0.033481773
like review,0.0334289
well the,0.033409306
quality will,0.033409306
much and,0.033394767
great shirt,0.033394767
great buy,0.0333857
this such,0.0333857
watch perfectly,0.033382568
super stretchy,0.03332698
one for,0.033221908
also very,0.033162382
and exactly,0.033153132
dress for,0.033153132
and durable,0.033149934
simple and,0.033149934
the most,0.033131359
the first,0.033125049
material was,0.033098015
cute set,0.03309016
good the,0.03305252
this too,0.033018714
get more,0.033018714
top was,0.032985156
that they,0.032963848
but its,0.032935242
has good,0.032918921
love will,0.032918921
very stylish,0.032915656
very pleased,0.032915656
them all,0.032899437
crop top,0.03288305
too big,0.032868742
and makes,0.032868099
too cute,0.032761164
high waisted,0.032754552
nice fits,0.032708103
shirt much,0.032692671
this good,0.032683033
good very,0.032679698
these were,0.032653639
cute not,0.032549192
fit for,0.03252768
nice the,0.032492205
for spring,0.032471024
this bikini,0.032455274
great purchase,0.032442024
got lot,0.032442024
they have,0.032403108
these fit,0.032347647
but really,0.032347647
stretchy material,0.032291013
with anything,0.032280528
comfortable the,0.032280528
came with,0.03224453
cute really,0.032206079
quality looks,0.032206079
like lot,0.032206079
husband loved,0.032202597
first time,0.032109338
weight and,0.032072934
thick material,0.032055862
have sized,0.032048495
but also,0.032040925
small and,0.032026084
daughter loves,0.031975208
love perfect,0.031964936
feels great,0.031964936
makes feel,0.031964936
too tight,0.031963393
sturdy and,0.031961375
its really,0.031961375
one the,0.031942379
the bottom,0.031912234
for what,0.031869294
like these,0.031832187
picture very,0.031832187
but you,0.031779258
size you,0.031764759
color perfect,0.031721961
still love,0.031718319
beautiful top,0.031718319
love fit,0.031718319
thought would,0.031716018
have the,0.031715344
for husband,0.031634074
from here,0.031627476
made and,0.031556347
another color,0.031527981
shirt super,0.031504985
quality amazing,0.031504985
nice just,0.031487847
beautiful dress,0.031487847
they work,0.031487847
one favorites,0.031477112
look cute,0.031477112
but other,0.031473387
beautiful shirt,0.031473387
good color,0.031473387
material the,0.031426665
good size,0.031426665
for watch,0.031345265
for but,0.031335506
like pictures,0.031258842
and cool,0.031230345
and flowy,0.031230345
material perfect,0.031230345
vibrant and,0.031226533
boyfriend loves,0.031226533
love for,0.031226533
nice like,0.031226533
and came,0.031182019
this will,0.031138364
thick and,0.031091877
tight the,0.031036256
really comfortable,0.031010759
about this,0.031004563
liked the,0.030981615
fits and,0.030981615
true the,0.030981615
very vibrant,0.030977712
quality nice,0.030977712
was amazing,0.030977712
wait for,0.030760689
because the,0.030758914
thought was,0.030758018
top super,0.030742371
cute comfy,0.030730874
very true,0.030730874
will love,0.030726876
cute bought,0.030726876
got them,0.030687083
wear for,0.030687083
the other,0.030600687
the money,0.030564537
long but,0.030487165
this favorite,0.030478071
going out,0.030478071
night out,0.030478071
color pretty,0.030473976
the purchase,0.030473976
color fits,0.030473976
like how,0.030445746
that you,0.030445746
tank top,0.030390371
are correct,0.030348531
the texture,0.030348531
black and,0.030311604
use them,0.030311604
big for,0.030296204
have big,0.030272975
way fits,0.030254397
but nice,0.030254397
material really,0.030223157
size perfect,0.030218959
the print,0.030098778
cute nice,0.030056581
and definitely,0.030056581
any outfit,0.029998072
its good,0.029998072
favorite shirt,0.029998072
comfortable material,0.029998072
she loved,0.029978431
cute wore,0.029966076
nice very,0.029966076
really soft,0.029966076
size great,0.029966076
does the,0.029966076
wore for,0.029961771
are vibrant,0.029961771
color great,0.029961771
comfortable fit,0.029961771
great item,0.029961771
perfect length,0.029961771
summer and,0.029961771
down but,0.029845647
can worn,0.029837985
recommend getting,0.029837985
great the,0.029799418
love you,0.029719437
bit tight,0.029719437
was true,0.029719437
sooooo cute,0.029719437
very cool,0.029719437
you will,0.029713211
decent quality,0.029706773
and amazing,0.029702357
little short,0.029693767
pair with,0.02962409
would size,0.029605132
the girls,0.029590484
for price,0.029579493
with black,0.029540059
was really,0.029470215
these shirts,0.02946945
how looks,0.02946945
like very,0.02946945
very easy,0.029458176
like comment,0.029458176
quality just,0.029445189
perfect with,0.029445189
baby girl,0.029445189
you much,0.029440657
love its,0.029440657
right size,0.02941473
still very,0.02941473
you like,0.029364366
with some,0.029287735
how they,0.029243896
looks and,0.029243896
color just,0.029215718
definitely get,0.029181263
very nicely,0.02917661
dressed down,0.02917661
ordered size,0.029142143
the black,0.029142143
they feel,0.029073869
length and,0.029055796
the watch,0.029017029
for her,0.02900899
not cheap,0.02897915
lbs and,0.02897915
pretty well,0.028950277
and everything,0.028950277
different color,0.028947829
can get,0.028932719
shirt great,0.028914931
are adorable,0.028914931
and loves,0.028910152
just perfect,0.028910152
especially for,0.028910152
quality fits,0.028910152
cute comfortable,0.028910152
cute exactly,0.028910152
ordered this,0.028890748
but little,0.028883371
and also,0.028790475
and wear,0.028790475
not the,0.028789848
for friend,0.028711999
quality this,0.028682402
good like,0.028660169
good buy,0.028660169
size fit,0.028660169
got lots,0.028660169
perfect the,0.028660169
loves the,0.028660169
very sturdy,0.028646127
thanks shein,0.028641214
loved and,0.028641214
shirt soft,0.028641214
make sure,0.02861959
the bow,0.028571532
the body,0.028571532
should have,0.028549973
will wearing,0.028522757
used for,0.028480929
wear all,0.028412025
shirt true,0.028389205
will look,0.028389205
beautiful colors,0.028374779
the feel,0.028374779
fit amazing,0.028369727
product and,0.028369727
can dressed,0.028369727
shein love,0.028369727
nicely and,0.028369727
are not,0.028337617
like pic,0.0283025
but definitely,0.028252577
was bit,0.028245462
fit was,0.028213419
will get,0.02820828
are accurate,0.02820828
cute omg,0.028170216
this little,0.028170216
pictured and,0.028170216
super pretty,0.028170216
feels nice,0.028170216
very bright,0.028139075
and vibrant,0.028115643
and looked,0.028115643
dress fits,0.028100814
and affordable,0.028095617
gorgeous and,0.028095617
great very,0.028095617
get them,0.02808807
would order,0.028087269
you need,0.028044113
the skirt,0.028044113
got size,0.028014029
shirt looks,0.027979869
such pretty,0.027934478
get the,0.027932631
freaking cute,0.027863479
just expected,0.027863479
good with,0.027863479
look nice,0.027839405
look amazing,0.027839405
will work,0.027824156
breathable and,0.027824156
fabric very,0.027824156
loved very,0.027818806
really loved,0.027818806
what you,0.027818806
and goes,0.027818806
fits watch,0.027818806
for your,0.027814526
the bust,0.027736866
for you,0.027711032
one size,0.027679363
nice product,0.027617981
color looks,0.027617981
great top,0.027585159
all colors,0.027560414
how this,0.027560414
and sturdy,0.027544723
this true,0.027544723
very useful,0.027544723
soft love,0.027539213
product very,0.027539213
have this,0.027539213
does not,0.02753363
have not,0.027443003
one and,0.027440302
the little,0.027426578
the straps,0.027416198
over all,0.02737886
you know,0.027337753
and all,0.027304032
with all,0.027304032
shown the,0.027304032
elegant and,0.02726243
nice nice,0.027256752
and fun,0.027256752
good too,0.027256752
these sunglasses,0.027256752
love definitely,0.027256752
big and,0.027130569
plus size,0.027118743
was nice,0.027118743
cute you,0.027102083
normally wear,0.027076838
beautiful blouse,0.027054675
cute this,0.027054675
paired with,0.027020013
