love,18830.0977
and,8162.581759
cute,7047.292104
good,4758.900887
great,4501.531878
perfect,4084.07377
very,3722.051628
quality,3354.248067
nice,3086.908591
fits,3007.873588
comfortable,2862.690341
perfectly,2139.871411
loved,2097.310335
this,2086.907627
beautiful,2057.336014
super,1720.867003
TRUE,1716.087804
amazing,1622.520111
absolutely,1488.585874
recommend,1351.402175
well,967.7568699
compliments,917.4136939
color,907.9885416
sexy,861.1441814
comfy,856.7519922
soft,823.9067419
much,820.1407685
really,810.7847789
highly,788.04915
colors,624.8350304
loves,581.0454959
these,577.953339
excellent,570.0148698
definitely,524.0133658
satisfied,519.7843636
price,509.954887
summer,491.0840514
awesome,475.7787934
fit,472.6819566
purchase,427.3477585
outfit,424.1168167
product,386.6715909
lovely,364.5212821
such,361.9621221
exactly,347.916094
elegant,337.6880165
dress,320.5375484
pretty,319.0444579
everything,313.7110751
buy,297.535495
thank,296.3691071
cutest,282.689334
adorable,281.1452306
stylish,270.8341177
them,269.594723
gorgeous,264.5699959
favorite,250.4664992
shein,241.813701
nicely,237.8276299
vibrant,228.0945955
classy,218.161269
birthday,210.8682114
simple,209.7843619
many,197.181983
son,195.5457086
fun,194.1416239
affordable,186.6687152
shades,170.4922606
vacation,166.5712897
works,165.3206894
overall,158.5723699
happy,151.650189
bright,147.3859313
recommended,143.1201077
points,141.677589
boyfriend,139.7923207
light,138.7055402
hermoso,131.4725811
casual,129.3154327
sturdy,127.9441713
cool,126.5941184
wore,126.1010059
again,118.8558626
gift,113.0001181
gives,111.0636572
thanks,109.1273201
shirt,108.4111152
husband,107.6337382
picture,104.804881
soooo,102.9503905
trendy,100.3092557
hugs,100.3092557
totally,99.99136065
flowy,97.76542832
charms,97.4419065
daughter,94.86165549
outfits,92.01406239
worth,91.78521512
breathable,91.59090249
lots,88.3119946
pleased,87.52496066
fast,86.17841137
everyday,85.57789077
clothing,85.57789077
loving,84.76435781
wow,81.0542216
lightweight,78.99793014
colorful,77.89018773
spring,76.80818933
beach,75.53048065
easy,75.41193239
excited,74.48507828
watch,74.14929123
unique,73.82742416
every,73.21076495
colour,71.73919529
favorites,71.14568514
durable,70.66254964
please,68.77019295
omg,65.0969587
brand,64.53904614
cruise,64.53904614
fashion,63.23505886
chic,61.93703447
dressed,61.24713085
fashionable,60.64505561
impressed,60.64505561
dressy,59.35920724
romper,59.35920724
workout,59.05538123
item,58.84217903
styles,58.07957675
night,57.90828398
holds,57.61774757
products,57.61774757
decent,56.01031188
curves,55.80418836
office,55.53933178
piece,55.04246339
sooooo,54.8884802
trip,54.8884802
family,54.73039313
liked,53.981348
set,53.73546538
surprised,52.58375911
looks,52.27815396
buying,50.86044992
purchasing,49.7211455
pictured,48.44805435
design,48.06377554
hope,47.17475185
absolute,46.85847592
excelente,45.64644928
jewelry,44.04335231
loveeee,44.03780156
occasion,43.26665244
fancy,43.24464714
bathing,43.22056816
tee,42.35133563
shopping,42.28866583
live,41.82102718
flattering,41.53835896
cuteee,41.08649836
charm,40.87338191
basic,40.34115387
glad,39.89687668
day,39.08363993
new,38.09855967
blouse,37.87342076
silky,37.72340932
accessories,37.37618925
weather,36.91850369
friends,35.9595832
freaking,34.89534309
details,34.40651335
stays,34.40651335
suit,34.10555098
amazingly,33.95432583
comfort,33.44254282
fresh,33.37519726
baby,33.22884221
multiple,32.74296381
strong,32.62138863
wardrobe,32.58716044
matches,32.48132197
buttery,31.71718621
choice,31.56849589
smooth,31.38834035
touch,31.16316674
several,31.16316674
useful,31.06402156
comfortably,30.89321249
bikini,30.76117845
gym,30.38550889
helps,30.38550889
matching,29.94486302
pajamas,29.51707283
style,29.19335739
pool,26.97818029
considering,26.28996506
adds,26.28996506
tint,26.28996506
bands,26.03259975
coverage,25.61517667
during,25.19370657
sunglasses,24.40057066
graphic,24.31305537
accessory,24.18995191
swimsuit,24.04411414
skin,23.61413954
tan,23.56709981
shop,23.44031433
added,23.15612081
season,22.13344014
pant,22.13344014
protection,22.13344014
sun,22.11192776
christmas,22.11192776
ties,21.12220305
comment,20.49029963
knee,20.12271854
gusta,20.12271854
continue,20.12271854
anyone,20.01158575
warm,19.85772055
everyone,19.68232191
without,19.59689675
photo,19.54845294
roomy,19.20058037
seriously,19.13531276
layer,19.13531276
solid,18.57427315
staple,18.37857645
protects,18.37857645
shoes,18.35125911
functional,18.16033054
finish,18.16033054
suits,17.88455487
wrist,17.56563444
leather,17.56563444
detail,17.5564202
weight,17.46180929
clips,17.20096707
luv,17.19813699
apply,17.19813699
easter,17.19813699
girly,17.19813699
sharp,17.19813699
floral,17.19813699
matte,16.7619469
necklaces,16.24911935
flow,16.24911935
brushes,16.24911935
fine,16.11571868
earrings,16.02883235
dog,15.88024895
school,15.85253506
prefect,15.18314783
packaged,15.18314783
prices,14.62435878
hair,14.6003835
cheeky,14.40705816
fav,14.40705816
capris,14.39228417
tone,13.92777585
above,13.64389752
foundation,13.64389752
places,13.64389752
shine,13.4853719
niece,13.23924934
stuff,13.23735008
proof,12.88968426
headband,12.88968426
cuteeee,12.67952302
embroidery,12.59345171
vacay,12.59345171
cardigan,12.59345171
vibe,12.55893101
seen,12.55893101
glasses,12.25371517
far,12.21271025
handy,12.14607806
matched,12.14607806
repurchase,12.14607806
business,11.96401107
frame,11.7170588
trust,11.7170588
party,11.4673448
play,11.41334381
collection,11.41334381
bow,10.93274257
glow,10.85676799
sold,10.85676799
app,10.85676799
purchased,10.65677422
match,10.64761608
date,10.60823994
making,10.60823994
grandson,10.56883249
makeup,10.11307542
tshirt,10.11307542
pounds,10.11307542
errands,10.0131984
tons,10.0131984
babies,10.0131984
recently,10.0131984
spot,9.981619742
friend,9.740192027
literally,9.679855526
glove,9.645322269
working,9.510684093
protector,9.421123389
ever,9.382543764
covers,9.301685653
experience,9.283232072
lovee,9.283232072
slacks,9.18701867
selection,9.18701867
life,9.091170527
wife,8.658673387
delivered,8.596923144
issues,8.596923144
combo,8.378953234
muchhh,8.378953234
bodysuit,8.328537825
necklace,8.223381244
screen,8.221781261
paired,8.129232293
belt,7.934379478
sets,7.923037774
shade,7.808088904
supper,7.749050351
mother,7.589789572
hey,7.589789572
seeing,7.589789572
areas,7.589789572
bear,7.589789572
cost,7.589789572
cats,7.589789572
hubby,7.574637112
church,7.43219056
goes,7.376152342
blend,7.261941067
job,7.255555004
brother,7.177473036
vibes,6.931111292
perf,6.820386823
modern,6.820386823
dad,6.614020269
pop,6.405609618
ultra,6.071686036
modest,6.071686036
pet,6.071686036
flexible,6.071686036
loooove,6.071686036
beauty,6.071686036
option,6.071686036
hearts,6.071686036
lounging,6.071686036
early,6.058639409
future,5.667201347
professional,5.667201347
grow,5.511692478
deal,5.511692478
tops,5.361492241
anywhere,5.359378787
july,5.359378787
rock,5.359378787
year,5.347678843
fupa,5.34472248
finding,5.34472248
planning,5.34472248
skort,5.34472248
flare,5.34472248
ita,5.34472248
granddaughter,5.34472248
popping,5.34472248
beachy,5.34472248
stores,5.34472248
possible,5.34472248
likes,4.878399878
materials,4.865214819
packaging,4.843889694
lined,4.753563356
blazer,4.640640543
tips,4.640640543
company,4.640640543
winter,4.543177131
colours,4.543177131
mean,4.543177131
soooooo,4.391438651
booty,4.36406994
outing,4.162740019
reasonable,4.162740019
pattern,4.072987768
panties,3.99775143
ans,3.960711953
throughout,3.960711953
forgiving,3.960711953
wants,3.960711953
offer,3.960711953
mommy,3.960711953
heavier,3.960711953
park,3.960711953
sporty,3.960711953
bows,3.922717521
beyond,3.58744395
install,3.58744395
grey,3.58744395
gel,3.58744395
pairs,3.38811145
crocs,3.3063583
dries,3.3063583
petite,3.3063583
blouses,3.3063583
brighter,3.3063583
game,3.028249994
iron,3.028249994
available,3.028249994
god,2.941539756
art,2.941539756
alittle,2.941539756
world,2.908415432
concert,2.8988552
cutee,2.8988552
cream,2.6791792
lived,2.6791792
cherry,2.6791792
lives,2.6791792
behind,2.6791792
tricky,2.6791792
wrinkle,2.6791792
honey,2.6791792
toy,2.6791792
any,2.566431191
satin,2.485777244
valentine,2.485777244
tts,2.485777244
purchases,2.485777244
vintage,2.485777244
site,2.431388949
win,2.431388949
bracelet,2.431388949
protect,2.423508157
steal,2.080987998
summery,2.080987998
yours,2.080987998
ware,2.080987998
pigment,2.080987998
writing,2.080987998
yum,2.080987998
across,2.080987998
application,2.080987998
hehe,2.080987998
average,2.080987998
med,2.080987998
incredible,2.080987998
fabrics,2.080987998
boy,2.05542194
loveee,2.033283297
earlier,1.960694361
entire,1.960694361
post,1.960694361
flower,1.960694361
helped,1.940720737
anklet,1.933661698
rings,1.933661698
nude,1.933661698
liner,1.933661698
stickers,1.933661698
smells,1.933661698
texture,1.651884268
living,1.513857712
magnet,1.513857712
bachelorette,1.513857712
complimented,1.513857712
project,1.513857712
styled,1.513857712
cosplay,1.513857712
camo,1.513857712
sense,1.513857712
linen,1.513857712
minute,1.513857712
stands,1.513857712
follow,1.513857712
busty,1.513857712
protectors,1.458425271
swimming,1.453725772
glossy,1.453725772
confortable,1.453725772
navy,1.448723111
itttt,1.448723111
puppy,1.448723111
ittt,1.448723111
options,1.448723111
maternity,1.448723111
him,1.354581602
high,1.10162347
band,1.08853047
clip,1.061085036
full,1.061085036
double,1.015840899
cheaper,0.995020961
natural,0.995020961
sweet,0.995020961
jersey,0.980181165
ver,0.980181165
embroidered,0.980181165
loveeeeeeeee,0.980181165
stitch,0.980181165
despite,0.980181165
golden,0.980181165
verry,0.980181165
olive,0.980181165
heck,0.980181165
kiss,0.980181165
luck,0.980181165
strawberry,0.980181165
diff,0.980181165
trunks,0.976960433
wonderfully,0.976960433
nicer,0.965658956
pearl,0.965658956
funky,0.965658956
pieces,0.713501743
brush,0.639213446
designs,0.565870863
truly,0.541971431
colored,0.51878512
plenty,0.51878512
shien,0.51878512
smart,0.497353053
warmer,0.497353053
princess,0.497353053
shipped,0.497353053
playing,0.497353053
packed,0.497353053
miss,0.497353053
weighs,0.482751278
stripes,0.482751278
thrilled,0.482751278
interesting,0.482751278
whenever,0.482751278
scissors,0.482751278
construction,0.482751278
knot,0.482751278
keeper,0.482751278
trunk,0.482751278
grip,0.482751278
tones,0.482751278
diy,0.482751278
goods,0.482751278
pup,0.482751278
provided,0.482751278
conscious,0.482751278
hardly,0.482751278
lighter,0.12443041
secure,0.12443041
purse,0.099528955
budget,0.049749112
whether,0.049749112
late,0.049749112
brunch,0.049749112
patterns,0.049749112
bello,0.049749112
loooooove,0.024870716
thee,0.024870716
stretchable,0.024870716
snatch,0.024870716
gems,0.024870716
imma,0.024870716
anticipated,0.024870716
mirror,0.024870716
themed,0.024870716
darling,0.024870716
law,0.024870716
dang,0.024870716
card,0.024870716
stretching,0.024870716
resistant,0.024870716
movie,0.024870716
tablet,0.024870716
accommodate,0.024870716
stones,0.024870716
accents,0.024870716
bertha,0
quibble,0
anashei,0
llove,0
whirtshirtand,0
reccommend,0
luggage,0
protioanl,0
camara,0
sweaty,0
eatch,0
aabsolutely,0
ughhhh,0
beby,0
throught,0
dismorphia,0
posture,0
quail,0
quckly,0
comforting,0
breathtaking,0
seashell,0
yassss,0
amazingggggggg,0
fence,0
contemplating,0
flattered,0
anti,0
liighter,0
nailss,0
accidental,0
apear,0
inalways,0
thwseese,0
suprised,0
invested,0
lovvvvvvve,0
boutbit,0
malhaejwo,0
inward,0
wen,0
erm,0
stiching,0
shots,0
bruch,0
nye,0
beau,0
ittttttttttttt,0
shifting,0
creamy,0
mothers,0
slot,0
includes,0
pros,0
otimaaa,0
sheins,0
licra,0
netted,0
mucch,0
octo,0
ebb,0
qhaukity,0
probs,0
sureeeee,0
sipping,0
cuddly,0
aggressive,0
smmm,0
succors,0
convinces,0
skinty,0
coolor,0
patched,0
goodies,0
truck,0
dungarees,0
guest,0
vagabonds,0
sheimshein,0
claw,0
slider,0
weara,0
felon,0
sharpen,0
billy,0
performs,0
swimmy,0
asfffff,0
xlarge,0
pjone,0
cured,0
platformed,0
difficulty,0
blessing,0
wreck,0
abs,0
abstract,0
voodgood,0
cleanup,0
dis,0
loovvveeee,0
university,0
avid,0
lovveeeeeee,0
swatches,0
preschoolers,0
frequent,0
client,0
bonnet,0
festies,0
further,0
suprer,0
tissues,0
reallllllyyyyy,0
contemporary,0
styling,0
books,0
strands,0
speed,0
tryed,0
perfecttt,0
lumps,0
aching,0
sacrifice,0
topp,0
aunt,0
dummy,0
hunched,0
kitties,0
navigated,0
platform,0
cared,0
grrat,0
hahahaha,0
movies,0
settt,0
tonuse,0
practically,0
sexactly,0
modestly,0
goooddd,0
noce,0
coconut,0
gloooove,0
quilled,0
niceeeeeeeeee,0
waits,0
sleeveless,0
picturefor,0
absurd,0
gree,0
stalled,0
omggggggggggggggggggggggggggg,0
track,0
cradle,0
alterations,0
election,0
artificial,0
bearable,0
tonwear,0
vribrant,0
universal,0
sucking,0
xlbecause,0
multicolor,0
shaw,0
refleciveeeeee,0
seeking,0
racer,0
becomes,0
dreamlike,0
yesterdays,0
jammies,0
bouncy,0
shwigesseo,0
vaty,0
reuseable,0
wiener,0
hlngknbgchj,0
grieve,0
roles,0
elevated,0
stunk,0
lysis,0
tartan,0
happyyy,0
separating,0
imlove,0
discuss,0
wareing,0
sir,0
blind,0
shooting,0
blues,0
coating,0
browna,0
electric,0
gaveeee,0
baubke,0
source,0
perfecperfectly,0
godod,0
pantsa,0
puece,0
straightforward,0
immune,0
starters,0
pouch,0
genuinely,0
ehysheheh,0
yeahhh,0
devil,0
breadt,0
shinnnyyyy,0
beck,0
ninice,0
umbrella,0
pert,0
plug,0
knocked,0
volumes,0
balcony,0
affirmations,0
ojo,0
wrg,0
greats,0
rocks,0
imgae,0
doomed,0
bsiwbfjdoe,0
reflective,0
bruce,0
est,0
shag,0
surrender,0
festive,0
muchhhhh,0
brass,0
pon,0
surprise,0
elligant,0
suchhh,0
qualitya,0
loreal,0
rewards,0
strechytchy,0
lobby,0
unnoticeable,0
foldable,0
bee,0
sandles,0
whom,0
rigorous,0
lskin,0
thethan,0
yallll,0
ouder,0
coquette,0
tha,0
sumeul,0
wisdom,0
snatcheddddd,0
unwanted,0
percent,0
esta,0
smoke,0
malls,0
minimalism,0
conservative,0
superstay,0
scrapbook,0
aooooooooooo,0
efile,0
discontinued,0
saur,0
surprising,0
potatoes,0
lanikai,0
zips,0
cula,0
celebrated,0
hehehehehehehhehehe,0
reze,0
grail,0
exaclty,0
event,0
underbust,0
chargers,0
omgogmgomggomgogmg,0
yhe,0
poke,0
diaghter,0
thsi,0
eligible,0
drake,0
adults,0
buildble,0
greattttttttttttt,0
envious,0
srays,0
clap,0
graded,0
didining,0
enjoying,0
sustainable,0
verrrry,0
fives,0
sheinnnnnnnn,0
comffy,0
ofcdreds,0
rollie,0
xxxl,0
hiked,0
unshakeable,0
trua,0
straw,0
girllllll,0
tarnishing,0
bralettea,0
swelling,0
positivity,0
sleek,0
ultralites,0
jeggin,0
cutesome,0
seset,0
springy,0
clmfomfortable,0
purfect,0
cheekier,0
iineed,0
iced,0
slop,0
obly,0
lvoed,0
continues,0
forearm,0
blemishes,0
owe,0
safely,0
pefect,0
squish,0
grew,0
felted,0
iiwear,0
complcompliment,0
dying,0
lunar,0
raiseeee,0
didt,0
nap,0
skimp,0
files,0
rep,0
imgez,0
pendanta,0
flips,0
airtags,0
arguably,0
fresking,0
grass,0
remarkable,0
colora,0
puzzles,0
versatility,0
amaazing,0
longgggg,0
braw,0
dusky,0
nike,0
sireva,0
dryed,0
dlelfk,0
transitions,0
fora,0
nooooow,0
ayeeeeee,0
teacup,0
bulges,0
effectively,0
sparkly,0
colt,0
luffy,0
presence,0
picled,0
ssooooo,0
shimmying,0
lycra,0
purrr,0
southern,0
sauce,0
onnnnnnn,0
headshots,0
thanksssss,0
march,0
reusable,0
adorableee,0
shorttt,0
flexing,0
plssss,0
costs,0
baaaahaha,0
occasions,0
remover,0
tara,0
creates,0
negatives,0
loveeeeeeeeeeeeeeeeeeeeeee,0
restless,0
tbe,0
flawlessly,0
youa,0
location,0
comcomfortable,0
smallndagg,0
