love love love,1178.168118340515
super cute and,876.5299597944539
very cute and,765.5920455410682
good quality and,750.5944786101524
love this shirt,521.4210535107713
just like the,499.288642852585
and good quality,467.9267888387689
absolutely love this,425.4922412827707
cute and comfortable,410.07181466399675
and true size,404.0068905385371
very comfortable and,403.28008007125493
love the color,388.3103395931286
cute and comfy,312.0643676248129
like the picture,307.0829267784594
true size and,301.07998790666664
great quality and,290.8539289119866
super cute love,274.3618669791241
and great quality,273.19525853678573
cute love the,265.7462609433229
really cute and,262.70079122087066
love this much,255.74782480762264
love this top,254.52667896676886
for the price,252.27872459508538
soft and comfortable,243.66597289030054
cute and fits,240.3508851804987
love the material,238.9237746294822
fits true size,235.28731285019086
cute and good,228.46993455945187
and very comfortable,228.29833928388797
love the way,224.90952018540588
and perfect for,216.48040910169996
got many compliments,216.48040910169996
very good quality,211.8930623504606
perfect for summer,205.0677033500648
and love the,198.47915059035734
fits perfectly and,191.57704403402732
perfect for the,186.45757211301665
very nice and,186.2187876952629
and fits well,182.1104444451644
and fits great,181.7855648828872
love the colors,178.24759508198684
love love this,178.24759508198684
the color and,173.62893539850677
true size love,168.89072474862596
cute love this,165.46932088636484
cute and true,151.477126118907
will buy again,139.05841037094245
very satisfied with,138.3681658201224
exactly like the,135.54894816532894
cute and very,132.93126390948893
love the fit,132.59405881091809
very cute love,130.4512861829593
and the color,128.453102613459
love this dress,128.32578266371246
very happy with,127.83554818620242
like for points,127.83554818620242
than expected but,120.06022197379437
cute love much,116.38234533594303
but still cute,114.93826595971836
cute and great,114.9007827647134
fit true size,113.66567880754636
love this outfit,112.39629851227295
the colors are,109.79321514077236
love with this,106.33200572501876
are super cute,103.19403175892526
fits well and,103.07054147506986
really good quality,102.3596177675855
and they fit,98.87338092741801
like the pictures,96.77882962632633
good material and,94.97562041163842
love these pants,94.5923387297666
love the quality,88.92112593255192
cute and the,88.92112593255192
and fit perfectly,87.54867602384503
soft and comfy,87.54867602384503
happy with purchase,86.52541002881996
great for the,86.43822352034012
cute and perfect,86.15409738304801
really love this,86.15409738304801
very soft and,83.89478256805016
cute and nice,83.37951151993553
love this set,82.9605954081614
the material soft,82.12431310271626
love this color,81.9996139742426
this cute and,81.9996139742426
material soft and,81.780129683128
for the summer,79.41184292538203
super cute fits,79.25489334616798
fit perfectly and,76.53066587311079
very nice material,76.53066587311079
with this purchase,76.53066587311079
and the quality,75.93796064901682
color and the,75.75540150289844
just like picture,75.63120979769634
fits really well,75.17639007883015
cute fits well,75.17639007883015
would definitely recommend,74.65344224963098
and super cute,72.61842049724848
love these much,71.14568514294612
and nice material,68.48599194393276
material true size,65.84891590607157
very well and,65.84891590607157
nice material and,65.84891590607157
this shirt fits,64.53904613579674
can wait wear,64.14760118930376
definitely buy again,63.45781822055194
the material good,63.23505885541694
super soft and,62.23879208295329
and the material,61.59728544190797
thank you shein,61.24713084971293
like the photo,60.89925645904796
love these shorts,59.35920723870079
exactly what was,58.07957675399691
great for summer,55.53933178064614
love this blouse,55.53933178064614
satisfied with this,54.73039312717563
fit very well,54.514025219174854
looks just like,53.66623564004733
and they are,53.48857032502479
love the look,51.77793507910522
love these they,51.77793507910522
very very cute,51.77793507910522
this shirt cute,51.62513928589556
and the fabric,50.537597202501836
this shirt much,50.537597202501836
and not too,50.537597202501836
but love the,50.537597202501836
and the fit,49.72114549963683
would buy again,49.625533536066506
better than expected,49.30416664207336
nice and soft,49.30416664207336
true size very,48.77586198647209
cute and flattering,48.396085809887865
this top cute,48.0777545982466
cute for summer,48.0777545982466
love the design,46.898954951855124
this shirt and,46.858475917856474
loved this shirt,46.327493790797355
very comfy and,45.30153478682298
for the beach,45.0405838207756
looks exactly like,44.84292760598672
fits just right,44.44179737325226
very pretty and,43.54218355157013
and just like,42.05512995831794
love this one,41.9352014464072
love the shirt,41.731245273164944
very true size,40.87338190990818
love super cute,40.87338190990818
satisfied with the,40.87338190990818
will buying more,39.69954402088177
the fit and,39.267179527057806
soft material and,39.267179527057806
very beautiful and,38.53376254264982
great quality for,38.53376254264982
shirt love the,38.53376254264982
good for the,38.28242800496462
the material and,37.984661259563936
super sexy and,37.3761892465211
fit great and,37.3761892465211
love love the,37.3761892465211
nice quality and,37.3761892465211
these are great,36.22698174223406
this shirt super,36.22698174223406
they are comfortable,36.22698174223406
and she loves,36.22698174223406
this shirt very,35.148427825482905
and fits true,35.08630382147945
perfect for work,35.08630382147945
will buy more,35.08630382147945
super cute for,34.406513347017864
very sexy and,34.30343621950759
cute fits perfectly,33.95432582891355
and good material,33.540067909858124
size love the,33.45377754415592
these are cute,33.05285356135271
and can wait,32.831225063468345
and fits very,32.831225063468345
cute can wait,31.73735955608196
love this very,31.71718621311583
like very much,31.71718621311583
love this too,31.71718621311583
the way fits,30.63616217790704
love love these,30.6124018266469
material and fits,30.6124018266469
fits really good,30.6124018266469
material very soft,30.6124018266469
material nice and,30.6124018266469
really cute love,30.6124018266469
this true size,30.6124018266469
please like need,30.380581025240858
cute looks just,30.380581025240858
loved the color,30.054793450372728
the way this,29.517072826490054
does the job,29.517072826490054
love the pattern,28.792665146082612
look just like,28.188842790830073
please like review,27.88173535092172
this bathing suit,27.873133390077793
satisfied with purchase,27.574676909718914
what was looking,27.574676909718914
super comfy and,27.46554177981797
this really cute,27.355629944324345
was perfect for,27.355629944324345
true size fits,27.355629944324345
comfortable and soft,27.355629944324345
really love the,27.355629944324345
fit perfect and,27.355629944324345
the quality and,26.97818029387086
light weight and,26.97818029387086
comfy and cute,26.54303824743287
like need points,26.4950404854043
loves this shirt,26.289965060986017
and perfect fit,26.289965060986017
will order more,26.082126905638987
wait wear this,25.812140870165173
definitely recommend buying,25.234654956552394
just like pictures,25.234654956552394
the way they,25.234654956552394
the color beautiful,25.193706571329002
runs true size,24.189951907515095
well and the,24.189951907515095
cute cant wait,24.189951907515095
they are super,23.563249053555182
you can dress,23.4403143262853
true size great,23.156120808055107
stretchy and comfortable,23.156120808055107
sooo cute and,23.156120808055107
perfect fit for,23.156120808055107
this such cute,23.156120808055107
little see through,22.83672303744219
very cute shirt,22.780077434954134
shirt true size,22.57562969424957
and the price,22.133440141044513
please like comment,22.133440141044513
very cute looks,22.133440141044513
was looking for,21.84661431581594
than thought but,21.719153244317088
and good for,21.12220305131506
can wait for,21.12220305131506
this very nice,21.12220305131506
still super cute,21.12220305131506
got lots compliments,20.87104258622628
can wait use,20.470534339714813
for going out,20.122718535022948
colors are bright,20.122718535022948
was very cute,20.122718535022948
very nice shirt,20.0314615116679
not too tight,20.0314615116679
cute and soft,20.011585749162624
these are super,19.714358745362325
love the fabric,18.493956010134376
and soft material,18.37857644604926
good quality very,18.37857644604926
love this fits,18.223177953297405
great and looks,18.160330544717144
fit and the,18.160330544717144
goes well with,18.160330544717144
and the way,18.160330544717144
top super cute,17.56563444189297
fit just right,17.56563444189297
but still very,17.56563444189297
and she loved,17.19813699194113
the material really,17.19813699194113
color and quality,17.19813699194113
very comfortable love,17.19813699194113
was true size,16.761946901620274
please like this,16.52359716156587
shirt very comfortable,16.249119346981757
the color perfect,16.249119346981757
with this item,16.249119346981757
love with the,16.249119346981757
love how looks,16.249119346981757
this for daughter,16.249119346981757
loved the material,16.249119346981757
shirt cute and,16.249119346981757
size and the,16.249119346981757
shirt super cute,16.249119346981757
was super cute,16.04111407249304
love all the,15.96771474765966
love this swimsuit,15.96771474765966
can dress down,15.328851858062809
comfortable love the,15.313689068152161
are the best,15.313689068152161
material perfect for,15.313689068152161
very light and,15.313689068152161
its cute and,15.313689068152161
nice for the,15.313689068152161
perfect size for,15.183147834497785
this top very,15.183147834497785
exactly like picture,14.624358775729037
these are the,14.408465557886418
and very soft,14.408465557886418
very nice color,14.408465557886418
really pretty and,14.392284172883013
soft and nice,14.392284172883013
great quality material,14.392284172883013
are soft and,14.392284172883013
little tight the,14.392284172883013
very good for,14.392284172883013
and they look,14.392284172883013
happy with this,14.02254232286956
material and the,13.927775852778613
they fit well,13.878135249693289
the perfect size,13.643897520744314
they are beautiful,13.485371895512278
perfect and the,13.485371895512278
well and very,13.485371895512278
material super soft,13.485371895512278
the color looks,13.485371895512278
the picture and,13.286891489601285
super cute top,13.239249340622646
quality and the,12.889684262506924
these are really,12.889684262506924
cute got for,12.59345171200758
loved the fit,12.59345171200758
you should buy,12.59345171200758
cute like the,12.59345171200758
soft and the,12.59345171200758
nice color and,12.146078059665857
looks good and,12.146078059665857
this top the,12.146078059665857
the quality this,12.146078059665857
they are cute,12.125845631937084
cute and stretchy,11.886978472358855
all the colors,11.886978472358855
super cute good,11.717058797221984
love this true,11.717058797221984
the color was,11.717058797221984
little bigger than,11.717058797221984
shirt very cute,11.717058797221984
good quality looks,11.717058797221984
this one favorite,11.717058797221984
like like like,11.717058797221984
this for the,11.717058797221984
shirt fits perfectly,11.717058797221984
than thought would,11.4133438064021
cute highly recommend,10.856767994883002
cute and exactly,10.856767994883002
nice and comfy,10.856767994883002
shown the picture,10.856767994883002
top true size,10.856767994883002
loved this top,10.691759985587733
such cute shirt,10.691759985587733
the fabric soft,10.56883249119031
just like photo,10.56883249119031
are very comfortable,10.56883249119031
got this for,10.335493708347801
fit well and,10.113075422101794
the photo and,10.013198399051143
thin material but,10.013198399051143
excited receive this,10.013198399051143
looks super cute,10.013198399051143
the picture fits,10.013198399051143
wait wear them,9.981619742054518
very cute the,9.981619742054518
but super cute,9.832191446221335
fits perfect and,9.6453222693555
they look just,9.283232071958631
nice and cute,9.283232071958631
love this and,9.283232071958631
quality and material,9.187018669520832
exactly what needed,9.187018669520832
very cute fit,9.187018669520832
and fits just,9.187018669520832
color true size,9.187018669520832
soft and good,9.187018669520832
and glad did,9.187018669520832
really cute top,9.187018669520832
need the points,9.187018669520832
and like the,8.596923144377767
too big but,8.596923144377767
shirt and the,8.596923144377767
happy with the,8.54260028233177
top fits great,8.378953234310185
off the shoulder,8.378953234310185
they are soft,8.378953234310185
big but cute,8.378953234310185
material and color,8.378953234310185
this outfit cute,8.378953234310185
shirt very soft,8.378953234310185
would recommend cute,8.378953234310185
wear this summer,8.378953234310185
like good quality,8.378953234310185
the pictures and,8.378953234310185
and you can,8.040599353070753
such cute top,8.040599353070753
they look good,7.923037774045291
super cute little,7.923037774045291
cute they are,7.923037774045291
really like this,7.808088903985409
you can wear,7.74905035072402
very nice very,7.589789572416106
material and super,7.589789572416106
very cute loved,7.589789572416106
but still looks,7.589789572416106
not too thin,7.589789572416106
true size soft,7.589789572416106
very cute would,7.589789572416106
like the fabric,7.589789572416106
love fits perfect,7.589789572416106
well love the,7.589789572416106
really liked this,7.589789572416106
just pictured and,7.589789572416106
the style and,7.261941067465506
super stretchy and,7.261941067465506
for apple watch,7.261941067465506
for mom and,7.261941067465506
and they were,6.820386822808245
cute would definitely,6.820386822808245
but really cute,6.820386822808245
cute looks exactly,6.820386822808245
definitely order again,6.820386822808245
material but still,6.820386822808245
true size will,6.820386822808245
are bright and,6.820386822808245
with any outfit,6.820386822808245
exactly the picture,6.820386822808245
better than thought,6.820386822808245
size and color,6.820386822808245
soft and not,6.820386822808245
cute bathing suit,6.614020268702368
little big but,6.289184938162402
with the product,6.071686036077891
super cute definitely,6.071686036077891
exactly what expected,6.071686036077891
order more colors,6.071686036077891
material and true,6.071686036077891
but looks good,6.071686036077891
and quality good,6.071686036077891
this shirt true,6.071686036077891
love perfect for,6.071686036077891
too small but,6.071686036077891
soft and light,6.071686036077891
love this watch,6.071686036077891
cute good material,6.071686036077891
that they are,6.071686036077891
like picture and,6.071686036077891
fabric very soft,6.071686036077891
wear all the,5.979686836068999
this shirt for,5.979686836068999
these glasses are,5.979686836068999
with this top,5.979686836068999
cant wait wear,5.800407138526986
fit really well,5.667201347437033
like this shirt,5.667201347437033
very cute top,5.372577581358126
all the right,5.359378786996083
very flattering and,5.359378786996083
they are great,5.359378786996083
exactly like photo,5.359378786996083
spring and summer,5.359378786996083
they fit very,5.359378786996083
bigger than thought,5.359378786996083
they are the,5.359378786996083
this sooo cute,5.3447224803259115
much better than,5.3447224803259115
wear with jeans,5.3447224803259115
the color true,5.3447224803259115
will get more,5.3447224803259115
this top for,5.3447224803259115
and exactly like,5.3447224803259115
very cute little,5.3447224803259115
love can wait,5.3447224803259115
tried yet but,5.3447224803259115
this dress for,5.3447224803259115
are really nice,5.3447224803259115
they are just,5.3447224803259115
very cute dress,5.3447224803259115
pretty color and,5.3447224803259115
good true size,5.3447224803259115
they are very,5.3356576375159115
and light weight,4.973275131312029
true size the,4.973275131312029
would definitely buy,4.904227824138581
true size looks,4.753563355821578
the shirt and,4.753563355821578
this was very,4.753563355821578
these shorts they,4.640640543214769
surprised the quality,4.640640543214769
soo cute and,4.640640543214769
are great for,4.640640543214769
this fits perfect,4.640640543214769
straps are adjustable,4.640640543214769
know what mean,4.640640543214769
this item much,4.640640543214769
true the picture,4.640640543214769
this outfit was,4.640640543214769
sexy can wait,4.640640543214769
comfortable and very,4.640640543214769
got from shein,4.640640543214769
this for boyfriend,4.640640543214769
love this will,4.640640543214769
fit was perfect,4.640640543214769
you know what,4.640640543214769
love this style,4.640640543214769
and comfortable material,4.640640543214769
and stretchy material,4.640640543214769
and very comfy,4.543177131091713
soft and cute,4.443557712549476
looks and feels,4.162740018513112
the color this,4.162740018513112
big but the,3.9607119533158595
and the style,3.9607119533158595
picture and very,3.9607119533158595
but see through,3.9607119533158595
more than thought,3.9607119533158595
and looks very,3.9607119533158595
cute and fashionable,3.9607119533158595
top was little,3.9607119533158595
love the product,3.9607119533158595
this shirt have,3.9607119533158595
not too long,3.9607119533158595
works really well,3.9607119533158595
really happy with,3.9607119533158595
true size for,3.9607119533158595
the the big,3.9607119533158595
love these great,3.9607119533158595
super cute not,3.9607119533158595
this and the,3.9607119533158595
can wear them,3.9607119533158595
fits like glove,3.9227175209076233
color just like,3.587443949923747
the color just,3.587443949923747
true size fit,3.587443949923747
cute would buy,3.587443949923747
cute shirt and,3.4637693065036403
the material super,3.4637693065036403
the material very,3.3900543189885637
how this fits,3.306358299994441
kinda see through,3.306358299994441
will perfect for,3.306358299994441
well and true,3.306358299994441
this dress cute,3.306358299994441
fits year old,3.306358299994441
these are favorite,3.306358299994441
like this helped,3.306358299994441
very easy put,3.306358299994441
and fit just,3.306358299994441
cute soft material,3.306358299994441
good quality not,3.306358299994441
the fit very,3.306358299994441
super cute they,3.306358299994441
material feels good,3.306358299994441
and this was,3.306358299994441
the other colors,3.306358299994441
like the quality,3.306358299994441
loved this item,3.306358299994441
quality the fabric,3.306358299994441
love very comfortable,3.306358299994441
still cute and,3.028249993780995
this top much,3.028249993780995
and fits nice,3.028249993780995
can not wait,3.028249993780995
bought them for,3.028249993780995
are the perfect,3.028249993780995
worth the money,2.8978317375145717
really cute the,2.6791791997214753
the size chart,2.6791791997214753
down but still,2.6791791997214753
this good quality,2.6791791997214753
love and will,2.6791791997214753
super cute outfit,2.6791791997214753
how they fit,2.6791791997214753
comfortable and light,2.6791791997214753
the big lie,2.6791791997214753
small but the,2.6791791997214753
this for husband,2.6791791997214753
please give like,2.6791791997214753
the shirt the,2.6791791997214753
cute and vibrant,2.6791791997214753
gotten many compliments,2.6791791997214753
then thought but,2.6791791997214753
very cute nice,2.6791791997214753
but over all,2.6791791997214753
size looks just,2.6791791997214753
and love this,2.6791791997214753
shorts they fit,2.6791791997214753
but other then,2.6791791997214753
super cute comfy,2.6791791997214753
very comfortable material,2.6791791997214753
mom and she,2.48577724414537
this was super,2.48577724414537
the screen protector,2.48577724414537
and very stretchy,2.48577724414537
just the picture,2.48577724414537
beautiful and the,2.48577724414537
not too big,2.48577724414537
all the way,2.48577724414537
perfect for what,2.48577724414537
the shirt fits,2.48577724414537
for spring and,2.48577724414537
love the dress,2.48577724414537
super cute got,2.431388948586398
this shirt the,2.41532115733345
cannot wait wear,2.41532115733345
bit big but,2.41532115733345
but overall cute,2.080987998228052
this fits well,2.080987998228052
the most important,2.080987998228052
year old son,2.080987998228052
was really nice,2.080987998228052
this top fit,2.080987998228052
fit nice and,2.080987998228052
the first one,2.080987998228052
like glove and,2.080987998228052
size and love,2.080987998228052
this was just,2.080987998228052
but does the,2.080987998228052
than was expecting,2.080987998228052
fit little big,2.080987998228052
very comfortable nice,2.080987998228052
was very happy,2.080987998228052
the rest the,2.080987998228052
material just like,2.080987998228052
perfect love this,2.080987998228052
and colors are,2.080987998228052
hope this helps,2.080987998228052
soft fabric and,2.080987998228052
but its cute,2.080987998228052
order other colors,2.080987998228052
this one fits,2.080987998228052
the material thick,2.080987998228052
with the color,2.080987998228052
this shirt fit,1.9606943608112872
first time you,1.9606943608112872
loved the shirt,1.9606943608112872
the top and,1.9606943608112872
super cute shirt,1.9336616981336747
and makes look,1.5138577117156056
and comfy for,1.5138577117156056
super great quality,1.5138577117156056
with all the,1.5138577117156056
looked just like,1.5138577117156056
top and the,1.5138577117156056
color and fabric,1.5138577117156056
them they look,1.5138577117156056
true size recommend,1.5138577117156056
can wait receive,1.5138577117156056
fit really good,1.5138577117156056
love this pants,1.5138577117156056
smaller size but,1.5138577117156056
the price very,1.5138577117156056
and the back,1.5138577117156056
most important thing,1.5138577117156056
cant wait for,1.5138577117156056
definitely order more,1.5138577117156056
wrong size but,1.5138577117156056
with jeans and,1.5138577117156056
true size cute,1.5138577117156056
this very beautiful,1.5138577117156056
are cute they,1.5138577117156056
the way that,1.5138577117156056
was great and,1.5138577117156056
top the material,1.5138577117156056
these fit perfectly,1.5138577117156056
cute fit well,1.5138577117156056
like the image,1.5138577117156056
super cute soft,1.5138577117156056
with the dress,1.5138577117156056
they fit nicely,1.5138577117156056
cute and shiny,1.5138577117156056
pretty and cute,1.5138577117156056
pls like for,1.5138577117156056
very cute not,1.5138577117156056
the feel the,1.5138577117156056
the fit this,1.5138577117156056
the girls and,1.5138577117156056
can get points,1.4537257717968732
and the size,1.4537257717968732
they are true,1.4537257717968732
the top fits,1.4537257717968732
material very comfortable,1.4537257717968732
very light weight,1.448723111433644
just like pic,1.448723111433644
and looks like,1.0158408986322616
but true size,0.980181165127487
top fits well,0.980181165127487
darker than the,0.980181165127487
dress down with,0.980181165127487
been looking for,0.980181165127487
loved the colors,0.980181165127487
the shirt fit,0.980181165127487
fit great the,0.980181165127487
color perfect and,0.980181165127487
and material very,0.980181165127487
but little small,0.980181165127487
are little tight,0.980181165127487
nice and true,0.980181165127487
such cute outfit,0.980181165127487
you can use,0.980181165127487
for son and,0.980181165127487
with jeans shorts,0.980181165127487
are bit long,0.980181165127487
very much like,0.980181165127487
this one piece,0.980181165127487
fit well love,0.980181165127487
shirt was cute,0.980181165127487
thought was gonna,0.980181165127487
material stretchy and,0.980181165127487
these shirts are,0.980181165127487
was worried about,0.980181165127487
bought this shirt,0.980181165127487
cute shirt fits,0.980181165127487
would definitely order,0.980181165127487
like how they,0.980181165127487
cute and small,0.980181165127487
and these fit,0.980181165127487
look good and,0.980181165127487
bought for son,0.980181165127487
wear this out,0.980181165127487
this shirt pretty,0.980181165127487
love the skirt,0.980181165127487
very cute outfit,0.980181165127487
are super comfy,0.980181165127487
size and comfortable,0.980181165127487
and the print,0.980181165127487
you can definitely,0.980181165127487
with case and,0.9656589560990255
cute you can,0.9656589560990255
them all the,0.9656589560990255
super super super,0.9656589560990255
thought they would,0.9656589560990255
the size and,0.9656589560990255
size you have,0.9656589560990255
black and white,0.9656589560990255
wore this for,0.9656589560990255
really nice love,0.9656589560990255
nice love the,0.5419714306151081
cute just pictured,0.518785119796643
sized down but,0.518785119796643
this top and,0.518785119796643
bit small but,0.49735305268739394
fit like glove,0.49735305268739394
but for the,0.49735305268739394
this set was,0.49735305268739394
definitely recommend getting,0.49735305268739394
big for but,0.49735305268739394
cute looks like,0.49735305268739394
fit very nice,0.49735305268739394
cute great for,0.49735305268739394
material and quality,0.49735305268739394
the shirt very,0.49735305268739394
material for the,0.4827512776487002
will order other,0.4827512776487002
what the picture,0.4827512776487002
this dress fit,0.4827512776487002
the cutest little,0.4827512776487002
for its price,0.4827512776487002
the different colors,0.4827512776487002
soft and fit,0.4827512776487002
size super cute,0.4827512776487002
set was cute,0.4827512776487002
have bigger boobs,0.4827512776487002
the material also,0.4827512776487002
was very very,0.4827512776487002
then expected but,0.4827512776487002
cute love fits,0.4827512776487002
and matches with,0.4827512776487002
cute shirt the,0.4827512776487002
this one for,0.4827512776487002
good just like,0.4827512776487002
not wait wear,0.4827512776487002
size please like,0.4827512776487002
little snug the,0.4827512776487002
has little stretch,0.4827512776487002
very cute they,0.4827512776487002
are cute the,0.4827512776487002
great material not,0.4827512776487002
perfect for little,0.4827512776487002
the shorter side,0.4827512776487002
they are still,0.4827512776487002
this shirt would,0.4827512776487002
great quality the,0.4827512776487002
and just the,0.4827512776487002
color and size,0.4827512776487002
using this for,0.4827512776487002
and feels nice,0.4827512776487002
this exactly what,0.4827512776487002
that came with,0.4827512776487002
love the matte,0.4827512776487002
have ordered fits,0.4827512776487002
new favorite top,0.4827512776487002
the picture will,0.4827512776487002
would recommend getting,0.4827512776487002
these fit great,0.4827512776487002
flattering and cute,0.4827512776487002
like this helps,0.4827512776487002
would order again,0.09952895538115862
the material the,0.07463519060347898
the best quality,0.04974911215327091
like this one,0.04974911215327091
top for the,0.024870716471166933
the front the,0.024870716471166933
love the lace,0.024870716471166933
for someone with,0.024870716471166933
and will buying,0.024870716471166933
normally wear but,0.024870716471166933
cute for vacation,0.024870716471166933
and look like,0.024870716471166933
can wait put,0.024870716471166933
than the other,0.024870716471166933
cute looks good,0.024870716471166933
little weird but,0.024870716471166933
gone down size,0.024870716471166933
for month old,0.024870716471166933
big but like,0.024870716471166933
works great for,0.024870716471166933
very great quality,0.024870716471166933
shirt looks just,0.024870716471166933
but you get,0.024870716471166933
little tight around,0.024870716471166933
way better than,0.024870716471166933
really cute can,0.024870716471166933
from shein the,0.024870716471166933
need every color,0.024870716471166933
good material for,0.024870716471166933
not crazy about,0.024870716471166933
material was great,0.024870716471166933
its not see,0.024870716471166933
they fit him,0.024870716471166933
this one cute,0.024870716471166933
fit this shirt,0.024870716471166933
shirt super soft,0.024870716471166933
was little small,0.024870716471166933
great buy for,0.024870716471166933
this dress beautiful,0.024870716471166933
buy this again,0.024870716471166933
the fabric the,0.024870716471166933
size would recommend,0.024870716471166933
simple but cute,0.024870716471166933
matches with everything,0.024870716471166933
high waisted pants,0.024870716471166933
way fits and,0.024870716471166933
this for baby,0.024870716471166933
cute basic tee,0.024870716471166933
bought for husband,0.024870716471166933
cute top looks,0.024870716471166933
are just like,0.024870716471166933
but they cute,0.024870716471166933
fit pretty well,0.024870716471166933
too long but,0.024870716471166933
this top every,0
perfectly love would,0
really did for,0
tiny and not,0
love looks great,0
good quality bikini,0
awesome look very,0
recommend more shirts,0
about clipping fits,0
matte finish which,0
shorts comfortable and,0
great dehydrated makes,0
matching necklace with,0
happy about this,0
this cheap shirt,0
tee for fall,0
cute nice material,0
good loved much,0
side this perfect,0
stomach and this,0
ice has especially,0
arms with little,0
its make you,0
for reference size,0
like the dangling,0
worried about not,0
entire suit just,0
item specially rainy,0
all long length,0
above the knees,0
enchanted moment and,0
theres safety shorts,0
beads for the,0
beach lakes rivers,0
cutting really nice,0
layers for the,0
plain shirts cute,0
rings excited use,0
beware that will,0
purchase more looks,0
fitted than picture,0
have netting which,0
thing that didn,0
buying lot complement,0
think would rip,0
was little large,0
and super sturdy,0
will wear cami,0
two weeks having,0
cute omg sleeves,0
not that bad,0
with sheer sleeves,0
soft flowy stretchy,0
thank you love,0
look for the,0
true size brightly,0
for baby girl,0
graphics look like,0
super pretty little,0
cute fitting swimsuit,0
the short something,0
reviews even ordered,0
blouse love true,0
properly the write,0
than size different,0
boys are love,0
shirt ever made,0
your tatas are,0
wish had something,0
costume and they,0
fantastic addition your,0
minutes goes away,0
overall pretty good,0
fav swimsuit buy,0
ends nails and,0
with wide fat,0
how imimagined would,0
part very narrow,0
perfect and short,0
wanted some cute,0
cuff the bottoms,0
and what like,0
about getting this,0
perfectly and went,0
that you would,0
nice basic with,0
and loose since,0
with them the,0
lovely belt with,0
need points hehe,0
had hole the,0
packaging amazing and,0
thin lightweight material,0
about pounds got,0
shorts lightweight material,0
fresh this set,0
this top even,0
off hourglass figure,0
some perfect shorts,0
but should fit,0
and ordered liked,0
huge and the,0
from the reviews,0
them and does,0
comfortable good purchase,0
staple for this,0
product was okay,0
flimsy what but,0
wearing clothes like,0
sexy pink top,0
like how can,0
def buy the,0
soft probably one,0
light great for,0
overly loovvveeee these,0
cutest shades from,0
shakala boom and,0
order size fits,0
tshirt and very,0
was fast needed,0
picture cute love,0
only thing lens,0
uncomfy getting this,0
pretty and bright,0
was two piece,0
cute way make,0
much super comfy,0
made out high,0
world turned upside,0
quality bought few,0
butt look amazinggg,0
have shein printed,0
love this beyond,0
price satisfied and,0
cheap still nice,0
looked when was,0
dressed kim possible,0
the sound amazing,0
thong kind cheaply,0
snack and drink,0
italy very cute,0
baddiej with the,0
and beauty must,0
looking weird tag,0
that goes down,0
classy breathable blouse,0
perfect life breathable,0
see through though,0
body even more,0
silky cotton type,0
this really amaizing,0
and sexy swimsuit,0
that giving you,0
use dog she,0
super cute picnic,0
pictured perfect for,0
the winter layer,0
thin rib and,0
look the shirt,0
