love love love,198324.659
super cute and,182507.7226
very cute and,162001.9323
love this shirt,141628.6216
good quality and,135393.1748
just like the,132862.9799
and good quality,124661.3701
love the color,122094.0438
and true size,118844.0109
absolutely love this,117126.0291
cute and comfortable,115304.9635
very comfortable and,110853.2784
true size and,106146.2138
cute and comfy,104642.4007
love this top,99123.40589
super cute love,98892.19541
for the price,97653.86982
cute love the,95736.497
love the material,95667.33397
good good good,95200.90882
cute and fits,93260.3116
like the picture,93061.19253
and fits perfectly,92485.39146
great quality and,91265.85544
fits true size,90799.03258
very good quality,90288.11386
and great quality,88915.2467
really cute and,87475.19889
cute and good,87168.93144
and love the,86947.30312
love this much,86502.12848
soft and comfortable,84772.95532
very nice and,84358.32876
perfect for summer,83224.59864
and very comfortable,82497.65614
love the way,81983.64776
the color and,81832.82656
cute just like,81769.49004
fits very well,81509.74067
and fits well,81109.33612
and perfect for,80684.62295
got many compliments,80684.62295
love the colors,80339.0913
love love this,80339.0913
perfect for the,79883.43956
quality for the,76961.17322
fits perfectly and,76658.71361
cute love this,75855.27697
cute love them,75290.76377
and fits great,74989.34211
cute and love,74441.61266
love this item,73294.22348
beautiful beautiful beautiful,73004.57901
cute true size,72713.789
true size love,72705.45491
cute and fit,71834.40636
fits great and,71834.40636
are cute and,71242.16301
love the fit,71037.59234
love this dress,70303.54607
and the color,70298.93771
very satisfied with,70147.2771
this super cute,69739.70397
cute and true,69445.97575
very cute love,68348.15891
exactly like the,67897.88071
very happy with,67738.58163
like for points,67738.58163
cute and sexy,67266.46414
will buy again,66978.85528
good quality for,66950.92551
and looks just,66633.90166
than expected but,65878.52215
cute and very,65711.66215
worth the price,65350.52004
the colors are,65069.56635
but still cute,64611.03784
really really really,64371.2918
fit true size,64290.57235
love this outfit,63968.63108
love with this,63920.99129
and looks great,62705.46193
fits well and,62555.39942
cute love much,62098.31265
please like for,62026.67169
cute and great,61759.72347
love them much,61340.40931
good quality love,61340.40931
really good quality,61337.51186
like the pictures,61072.71923
cute and looks,60296.44663
nice and comfortable,60296.44663
and fits perfect,59590.36172
good material and,59294.60741
very nice quality,59234.17819
love true size,59234.17819
are super cute,58983.85165
great fit and,58875.84999
comfortable and cute,58875.84999
love this cute,58515.33774
love this product,58515.33774
the quality the,58515.33774
the material great,58152.60081
they fit perfectly,58152.60081
and they fit,57910.03467
love the quality,57542.25243
cute and the,57542.25243
great for the,57541.98002
absolutely love these,57420.28401
very good material,57420.28401
love the style,57050.6163
and fit well,57050.6163
happy with purchase,56827.73514
love these pants,56816.82233
very good and,56304.03187
the material soft,56141.25966
very soft and,56139.69969
super comfortable and,55927.01837
these they are,55927.01837
love this set,55740.62757
quality true size,55547.45678
material soft and,55374.03495
and fit perfectly,54948.7678
soft and comfy,54948.7678
perfect fit and,54780.47708
cute and perfect,54567.85842
really love this,54567.85842
and great material,54392.94819
great material and,54392.94819
for the summer,54030.41599
cute and stylish,54002.64946
are good quality,54002.64946
color and the,53983.57401
just like picture,53974.0137
cute and nice,53798.36096
would definitely recommend,53617.50266
very nice love,53609.52038
really nice and,53609.52038
but very cute,53609.52038
and the quality,53507.76206
love this color,53409.67092
this cute and,53409.67092
this very cute,53213.49822
these are very,53213.49822
and super cute,52877.55266
good quality material,52814.5179
and great for,52814.5179
cute perfect for,52814.5179
super cute fits,52624.14061
got lot compliments,52412.51187
fit perfectly and,51827.36532
very nice material,51827.36532
with this purchase,51827.36532
very well made,51599.13925
fits really well,51424.61174
cute fits well,51424.61174
the material nice,51187.62393
quality and very,51187.62393
such good quality,51187.62393
very cute fits,51187.62393
fits good and,50772.78509
cute good quality,50772.78509
and very good,50354.5406
fits great love,50354.5406
size and very,50354.5406
love them they,50354.5406
love these much,50198.12061
and the colors,49932.80488
love this for,49507.4887
the picture love,49507.4887
great and the,49507.4887
and nice material,49364.58218
definitely buy again,49185.69528
and very cute,49078.49898
love everything about,49078.49898
well made and,49078.49898
fits perfectly love,49078.49898
cute cute cute,49078.49898
super soft and,48804.89404
cute for the,48645.73854
definitely recommend this,48645.73854
absolutely love the,48645.73854
and looks good,48645.73854
love this suit,48645.73854
material true size,48517.65343
very well and,48517.65343
nice material and,48517.65343
thank you shein,48364.17143
and well made,48209.10582
definitely worth the,48209.10582
love this the,48209.10582
cute and simple,48209.10582
great quality love,48209.10582
this shirt fits,48088.96919
and cute love,47768.49464
quality and fits,47768.49464
super cute looks,47768.49464
will definitely buy,47768.49464
colors are vibrant,47768.49464
the material good,47656.693
exactly what wanted,47323.79388
the colors and,47323.79388
and comfortable wear,46874.88713
cute love these,46874.88713
they are perfect,46874.88713
expected but still,46874.88713
love this skirt,46421.65239
quality and good,46421.65239
color and fit,46421.65239
nice and good,46421.65239
great love the,46421.65239
very soft material,46421.65239
love these shorts,46337.41251
super cute loved,45963.96162
them they are,45963.96162
and easy use,45963.96162
was cute and,45963.96162
love this bathing,45963.96162
true size good,45963.96162
exactly what was,45889.84973
satisfied with this,45824.94448
fit very well,45800.51624
love how fits,45501.68036
quality and great,45501.68036
really good and,45501.68036
little small but,45501.68036
color and fits,45034.66724
and comfortable and,45034.66724
and fit great,45034.66724
they are good,45034.66724
would highly recommend,45034.66724
and fits good,45034.66724
the quality great,45034.66724
this top super,45034.66724
are very nice,45034.66724
cute and just,45034.66724
great for summer,44982.40397
love this blouse,44982.40397
and fit perfect,44562.77348
fits nice and,44562.77348
the fit perfect,44562.77348
and they are,44548.23714
this shirt cute,44536.6111
thank you much,44085.84238
love this super,44085.84238
the quality good,44085.84238
are very cute,44085.84238
fit love the,44085.84238
and great fit,44085.84238
love this belt,44085.84238
and the fit,43678.62411
love these glasses,43603.70862
will order again,43603.70862
highly recommend this,43603.70862
size and fits,43603.70862
very satisfied very,43603.70862
love the look,43588.7401
love these they,43588.7401
very very cute,43588.7401
true size very,43244.83117
cute and flattering,43161.87772
this cute love,43116.19768
and the fabric,43115.03225
this shirt much,43115.03225
and not too,43115.03225
but love the,43115.03225
and the material,42893.12764
better than expected,42636.52806
nice and soft,42636.52806
love just like,42623.12506
goes with everything,42623.12506
these are perfect,42623.12506
super cute very,42623.12506
love cute and,42623.12506
love fits perfectly,42623.12506
well and looks,42623.12506
fabric soft and,42623.12506
love the design,42367.31944
loved this shirt,42243.64041
this top cute,42153.08632
cute for summer,42153.08632
excellent quality and,42124.29545
and easy put,42124.29545
cute fits great,42124.29545
and comfortable love,42124.29545
pretty good quality,42124.29545
looks really good,42124.29545
top love the,42124.29545
comfortable and true,42124.29545
very good product,42124.29545
but still love,42124.29545
like the photo,42079.57234
very comfy and,41778.37662
this shirt and,41664.55903
material and very,41619.50184
love good quality,41619.50184
the color pretty,41619.50184
good quality true,41619.50184
love this piece,41619.50184
everything about this,41619.50184
very nice for,41619.50184
love these and,41619.50184
the color very,41619.50184
really well and,41619.50184
quality very good,41619.50184
for the beach,41476.11246
and got many,41108.52454
perfect size and,41108.52454
can dressed down,41108.52454
good quality good,41108.52454
this top fits,41108.52454
cute and easy,41108.52454
great true size,41108.52454
good and the,41108.52454
and super comfortable,41108.52454
received many compliments,41108.52454
can wait wear,40945.9683
fits just right,40671.61902
good quality will,40591.13001
satisfied very satisfied,40591.13001
and looks cute,40591.13001
material love the,40591.13001
and great price,40591.13001
love them and,40591.13001
nice and the,40591.13001
very cute for,40591.13001
would buy again,40277.17725
look exactly like,40067.06966
super cute true,40067.06966
the price and,40067.06966
the fabric and,40067.06966
and just like,39656.36956
very pretty and,39618.1309
very nice like,39536.07841
and love how,39536.07841
loved this outfit,39536.07841
with the quality,39536.07841
super cute would,39536.07841
and looks exactly,39536.07841
quality and fit,39536.07841
cute absolutely love,39536.07841
love with these,39536.07841
pretty love the,39536.07841
very true size,39139.92211
love super cute,39139.92211
satisfied with the,39139.92211
sexy and comfortable,38997.87316
comfortable true size,38997.87316
comfortable and the,38997.87316
cute would recommend,38997.87316
and good price,38997.87316
just what needed,38997.87316
and will definitely,38997.87316
perfect love the,38997.87316
cute top love,38997.87316
and very nice,38997.87316
very pleased with,38997.87316
the fit and,38894.01648
soft material and,38894.01648
love this one,38758.98559
will buying more,38617.32964
size and fit,38452.15098
are beautiful and,38452.15098
this fits perfectly,38452.15098
quality love the,38452.15098
cute love and,38452.15098
looks great and,38452.15098
and good fit,38452.15098
worth the buy,38452.15098
the way looks,38452.15098
absolutely loved this,38452.15098
super cute fit,38452.15098
good for the,38396.72213
very beautiful and,38088.38125
great quality for,38088.38125
shirt love the,38088.38125
love the shirt,37979.57409
great fit love,37898.58715
cute omg love,37898.58715
for summer and,37898.58715
fit good and,37898.58715
and has good,37898.58715
soooo cute and,37898.58715
great for work,37898.58715
love this little,37898.58715
the picture good,37898.58715
love this bikini,37898.58715
are perfect for,37898.58715
picture true size,37898.58715
super sexy and,37552.85416
fit great and,37552.85416
love love the,37552.85416
nice quality and,37552.85416
the quality very,37336.8329
beautiful color and,37336.8329
but still good,37336.8329
are really cute,37336.8329
cute and light,37336.8329
definitely true size,37336.8329
great color and,37336.8329
favorite favorite favorite,37336.8329
good quality would,37336.8329
cute color and,37336.8329
and comfy love,37336.8329
and really good,37336.8329
comfortable and stretchy,37336.8329
the same time,37336.8329
and was perfect,37336.8329
and was very,37336.8329
would purchase again,37336.8329
true size nice,37336.8329
fits perfect love,37336.8329
these are great,37010.51289
this shirt super,37010.51289
they are comfortable,37010.51289
and she loves,37010.51289
really good material,36766.51279
with this product,36766.51279
quality and cute,36766.51279
quality and nice,36766.51279
with the purchase,36766.51279
they fit great,36766.51279
and fit very,36766.51279
comfortable and fits,36766.51279
nice good quality,36766.51279
looks great with,36766.51279
nice true size,36766.51279
can wear with,36766.51279
very nice fits,36766.51279
nice fit and,36766.51279
just what wanted,36766.51279
many compliments this,36766.51279
the material and,36559.0522
and fits true,36461.10816
perfect for work,36461.10816
will buy more,36461.10816
super cute for,36355.28756
love how this,36187.22183
very cute good,36187.22183
just the right,36187.22183
but still super,36187.22183
love the feel,36187.22183
looks really cute,36187.22183
cute great quality,36187.22183
perfect for any,36187.22183
material great and,36187.22183
one favorite shirts,36187.22183
especially for the,36187.22183
shirt fits great,36187.22183
the fabric very,36187.22183
very comfortable wear,36187.22183
nice and fits,36187.22183
very good love,36187.22183
love the sleeves,36187.22183
super good quality,36187.22183
material very nice,36187.22183
cute fits perfectly,35904.37585
size love the,35831.10171
very sexy and,35805.47886
this shirt very,35619.90553
these shorts are,35598.52208
recommend buying this,35598.52208
sooo cute love,35598.52208
and would recommend,35598.52208
soft and fits,35598.52208
looks very nice,35598.52208
cute shirt love,35598.52208
cute and fun,35598.52208
fits very nice,35598.52208
sexy and fits,35598.52208
the color fits,35598.52208
they fit good,35598.52208
this the best,35598.52208
really like them,35598.52208
this the cutest,35598.52208
quality and true,35598.52208
size and good,35598.52208
very cute very,35598.52208
nice just like,35598.52208
happy birthday you,35598.52208
love this looks,35598.52208
color and material,35598.52208
and can wait,35340.03569
and fits very,35340.03569
for any occasion,34999.93876
get many compliments,34999.93876
and fits nicely,34999.93876
for work and,34999.93876
colors are beautiful,34999.93876
cute definitely recommend,34999.93876
fits well love,34999.93876
love very much,34999.93876
very very very,34999.93876
look and feel,34999.93876
that you can,34999.93876
not too short,34999.93876
material good quality,34999.93876
big but still,34999.93876
absolutely love with,34999.93876
and perfect size,34999.93876
size good quality,34999.93876
cute and really,34999.93876
cute and super,34999.93876
and goes with,34999.93876
very high quality,34999.93876
and nice quality,34999.93876
not too bad,34999.93876
the right places,34999.93876
cute the color,34999.93876
shirt soft and,34999.93876
love shein love,34999.93876
recommend this product,34999.93876
perfect fit love,34999.93876
picture very cute,34999.93876
true size would,34999.93876
beautiful just like,34999.93876
love this very,34767.78998
like very much,34767.78998
love this too,34767.78998
and good material,34661.23179
quality good and,34390.95582
this was perfect,34390.95582
quality highly recommend,34390.95582
and fits really,34390.95582
love this fit,34390.95582
the color great,34390.95582
its really cute,34390.95582
true the size,34390.95582
and works great,34390.95582
super cute can,34390.95582
and super soft,34390.95582
and really cute,34390.95582
looks really nice,34390.95582
shein never disappoints,34390.95582
cute top for,34390.95582
for boyfriend and,34390.95582
and the design,34390.95582
cute can wait,34289.16022
the way fits,34222.65455
love love these,34187.32201
material and fits,34187.32201
fits really good,34187.32201
material very soft,34187.32201
material nice and,34187.32201
really cute love,34187.32201
this true size,34187.32201
looks exactly like,33943.30314
and comfortable the,33771.01064
good quality recommend,33771.01064
more different colors,33771.01064
very cute true,33771.01064
perfect just like,33771.01064
loved this much,33771.01064
they fit perfect,33771.01064
very nice good,33771.01064
perfect true size,33771.01064
picture good quality,33771.01064
comfortable and easy,33771.01064
this watch band,33771.01064
was very nice,33771.01064
love fits great,33771.01064
the material amazing,33771.01064
very nice just,33771.01064
love this great,33771.01064
and love them,33771.01064
are cute love,33771.01064
this shirt soft,33771.01064
good quality nice,33771.01064
cute and pretty,33771.01064
son loves this,33771.01064
absolutely love them,33771.01064
the cutest thing,33771.01064
love these shirts,33771.01064
the way this,33598.29439
does the job,33598.29439
loved the color,33253.17854
for baby girl,33139.48802
comfortable and good,33139.48802
the picture true,33139.48802
love these super,33139.48802
loved the way,33139.48802
very stylish and,33139.48802
bit tight but,33139.48802
are vibrant and,33139.48802
very nice top,33139.48802
cute top and,33139.48802
this perfect for,33139.48802
very nice fit,33139.48802
cute loved the,33139.48802
goes great with,33139.48802
the picture great,33139.48802
comfortable and flattering,33139.48802
easy put and,33139.48802
amazing amazing amazing,33139.48802
height and weight,33139.48802
shein love shein,33139.48802
perfect for spring,33139.48802
material and fit,33139.48802
love these sunglasses,33139.48802
and just pictured,33139.48802
beautiful and comfortable,33139.48802
and love that,33139.48802
the color amazing,33139.48802
but fits well,33139.48802
are nice and,33139.48802
love the pattern,33118.5487
please like need,32694.11467
cute looks just,32694.11467
please like review,32556.33297
photo would recommend,32495.71297
the material perfect,32495.71297
good material love,32495.71297
perfect for vacation,32495.71297
super cute perfect,32495.71297
the photo would,32495.71297
comfy and soft,32495.71297
them and they,32495.71297
quality and super,32495.71297
but they fit,32495.71297
the color cute,32495.71297
would recommend this,32495.71297
fit and quality,32495.71297
very pretty love,32495.71297
the fit true,32495.71297
love the texture,32495.71297
amazing quality and,32495.71297
for the office,32495.71297
such great quality,32495.71297
very pretty color,32495.71297
but not bad,32495.71297
thank you for,32495.71297
this color and,32495.71297
very see through,32495.71297
for the gym,32495.71297
this really cute,32393.09593
was perfect for,32393.09593
true size fits,32393.09593
comfortable and soft,32393.09593
really love the,32393.09593
fit perfect and,32393.09593
the quality and,31987.04128
light weight and,31987.04128
nice nice nice,31838.94228
pretty and comfortable,31838.94228
quality would recommend,31838.94228
the look and,31838.94228
will purchase again,31838.94228
you happy birthday,31838.94228
birthday you happy,31838.94228
love fits well,31838.94228
great quality always,31838.94228
loved this set,31838.94228
considering the price,31838.94228
and fit good,31838.94228
with purchase and,31838.94228
super cute will,31838.94228
super cute bought,31838.94228
perfectly and the,31838.94228
and high quality,31838.94228
love that they,31838.94228
this one very,31838.94228
this dress fits,31838.94228
peaches peaches peaches,31838.94228
cute please like,31838.94228
love how they,31838.94228
love this cover,31838.94228
was the perfect,31838.94228
fits watch perfectly,31838.94228
true size comfortable,31838.94228
quality and looks,31838.94228
really like these,31838.94228
very nice product,31838.94228
beautiful love the,31838.94228
loves this shirt,31776.12901
and perfect fit,31776.12901
satisfied with purchase,31658.84385
what was looking,31658.84385
will order more,31410.43316
the color super,31168.35444
for daughter and,31168.35444
and worth the,31168.35444
and how fits,31168.35444
great quality very,31168.35444
fits really nice,31168.35444
fit very comfortable,31168.35444
looks very cute,31168.35444
and these are,31168.35444
fast shipping and,31168.35444
and very flattering,31168.35444
color and very,31168.35444
and nice fit,31168.35444
color love the,31168.35444
love and fits,31168.35444
apple watch band,31168.35444
these are good,31168.35444
top fits perfectly,31168.35444
and nice love,31168.35444
super cute really,31168.35444
will definitely order,31168.35444
cute fits perfect,31168.35444
great quality true,31168.35444
pleased with this,31168.35444
dress true size,31168.35444
shirt the material,31168.35444
son loves them,31168.35444
but still like,31168.35444
this shirt perfect,31168.35444
quality would definitely,31168.35444
comfortable and love,31168.35444
love how the,31168.35444
this item very,31168.35444
but good quality,31168.35444
nice and very,31168.35444
and fast shipping,31168.35444
and soft and,31168.35444
these are beautiful,31168.35444
good quality the,31168.35444
pleased with the,31168.35444
definitely recommend buying,31149.00533
just like pictures,31149.00533
the way they,31149.00533
the color beautiful,30826.25522
these are cute,30800.10885
runs true size,30511.25121
well and the,30511.25121
cute cant wait,30511.25121
these are adorable,30483.03759
and the perfect,30483.03759
really cute fits,30483.03759
small but cute,30483.03759
and looks amazing,30483.03759
was very good,30483.03759
cutest thing ever,30483.03759
fit perfect for,30483.03759
quality looks just,30483.03759
better than the,30483.03759
very well love,30483.03759
really nice quality,30483.03759
and very affordable,30483.03759
colors are very,30483.03759
this dress much,30483.03759
these pants they,30483.03759
and would buy,30483.03759
and looks nice,30483.03759
this one the,30483.03759
more expensive than,30483.03759
love very cute,30483.03759
will great for,30483.03759
cute love how,30483.03759
and super comfy,30483.03759
love perfect fit,30483.03759
size very comfortable,30483.03759
but still really,30483.03759
not too heavy,30483.03759
good fit and,30483.03759
beautiful and fits,30483.03759
they look great,30483.03759
and feels good,30483.03759
recommend cute just,30483.03759
quality for price,30483.03759
love will buy,30483.03759
look just like,30445.21645
comfy and cute,30133.86684
super comfy and,29948.31381
true size great,29862.35705
stretchy and comfortable,29862.35705
sooo cute and,29862.35705
perfect fit for,29862.35705
this such cute,29862.35705
fit perfectly love,29781.97494
really love these,29781.97494
perfectly and looks,29781.97494
for night out,29781.97494
top for work,29781.97494
for working out,29781.97494
good looks good,29781.97494
soft and love,29781.97494
worth the purchase,29781.97494
the color nice,29781.97494
and very pretty,29781.97494
this two piece,29781.97494
good and comfortable,29781.97494
quality and comfortable,29781.97494
size and looks,29781.97494
well true size,29781.97494
love the item,29781.97494
good and very,29781.97494
and comfy and,29781.97494
good quality just,29781.97494
fits nicely and,29781.97494
recommend please like,29781.97494
the perfect fit,29781.97494
light and comfortable,29781.97494
and love much,29781.97494
son loves these,29781.97494
recommend this item,29781.97494
for husband and,29781.97494
this was great,29781.97494
and loves them,29781.97494
can wait try,29781.97494
pretty just like,29781.97494
and amazing quality,29781.97494
and cute and,29781.97494
two piece set,29781.97494
omg love much,29781.97494
get lots compliments,29781.97494
cute and flowy,29781.97494
you can dress,29634.10567
this bathing suit,29444.5826
and the price,29201.7736
please like comment,29201.7736
very cute looks,29201.7736
this dress and,29064.02709
nice fits well,29064.02709
quality love them,29064.02709
this item love,29064.02709
love these leggings,29064.02709
this outfit very,29064.02709
super sexy love,29064.02709
pretty and fits,29064.02709
the color exactly,29064.02709
fit and color,29064.02709
glasses for the,29064.02709
fit and material,29064.02709
cute and well,29064.02709
shorts they are,29064.02709
exactly pictured and,29064.02709
one the best,29064.02709
looks nice and,29064.02709
thank you very,29064.02709
super cute exactly,29064.02709
fabric and the,29064.02709
love them all,29064.02709
fits very nicely,29064.02709
the top little,29064.02709
without being too,29064.02709
size and they,29064.02709
you very much,29064.02709
good condition and,29064.02709
quality great and,29064.02709
and cute for,29064.02709
good material very,29064.02709
super nice and,29064.02709
material fits well,29064.02709
loved this dress,29064.02709
its good fabric,29064.02709
size good material,29064.02709
perfectly love the,29064.02709
this shirt comfortable,29064.02709
can worn with,29064.02709
everything from shein,29064.02709
shirt fits well,29064.02709
good and fits,29064.02709
the price love,29064.02709
love the length,29064.02709
definitely would recommend,29064.02709
super cute with,29064.02709
shirt true size,29025.55347
they are super,28883.6528
and good for,28528.90763
can wait for,28528.90763
this very nice,28528.90763
still super cute,28528.90763
like need points,28476.92412
looks just like,28434.32325
than thought but,28408.26786
but love them,28327.91024
material good and,28327.91024
good fabric its,28327.91024
quality just like,28327.91024
very cute like,28327.91024
cute swim suit,28327.91024
loved very much,28327.91024
very good very,28327.91024
and looks perfect,28327.91024
was very comfortable,28327.91024
very good fits,28327.91024
great and very,28327.91024
very cute great,28327.91024
comfy and fits,28327.91024
love the pants,28327.91024
from shein and,28327.91024
love this perfect,28327.91024
love the little,28327.91024
got the matching,28327.91024
and very well,28327.91024
perfectly and very,28327.91024
love them for,28327.91024
looks cute and,28327.91024
cute and dainty,28327.91024
for date night,28327.91024
good quality highly,28327.91024
comfortable and breathable,28327.91024
and easy wear,28327.91024
great price and,28327.91024
the picture super,28327.91024
cute very comfortable,28327.91024
love highly recommend,28327.91024
and works well,28327.91024
this great quality,28327.91024
and would definitely,28327.91024
big but love,28327.91024
love and the,28327.91024
fabric its good,28327.91024
and stretchy and,28327.91024
love the shape,28327.91024
the fit great,28327.91024
item love this,28327.91024
perfect good quality,28327.91024
buy more colors,28327.91024
this shirt definitely,28327.91024
love them perfect,28327.91024
are the cutest,28327.91024
super flattering and,28327.91024
the material light,28327.91024
well and good,28327.91024
love definitely recommend,28327.91024
excited wear this,28327.91024
love the bright,28327.91024
husband loves this,28327.91024
this shirt nice,28327.91024
looks exactly pictured,28327.91024
makes watch look,28327.91024
the colors the,28327.91024
soft and looks,28327.91024
the pattern and,28327.91024
would definitely purchase,28327.91024
very very good,28327.91024
very cute shirt,28309.34988
wait wear this,27987.46466
for going out,27843.11705
colors are bright,27843.11705
was very cute,27843.11705
got lots compliments,27781.91445
true size perfect,27572.16921
fit and great,27572.16921
these are amazing,27572.16921
size love this,27572.16921
this shirt great,27572.16921
review for points,27572.16921
great quality just,27572.16921
cute exactly like,27572.16921
love this soo,27572.16921
such cute and,27572.16921
not bad for,27572.16921
these super cute,27572.16921
perfect and good,27572.16921
was perfect and,27572.16921
nice thick material,27572.16921
too cute love,27572.16921
cute comfy and,27572.16921
fits very good,27572.16921
the color really,27572.16921
stretchy and comfy,27572.16921
super soft material,27572.16921
for valentines day,27572.16921
these are pretty,27572.16921
love this swim,27572.16921
very sturdy and,27572.16921
nice shirt and,27572.16921
highly recommend you,27572.16921
soft and very,27572.16921
pretty and great,27572.16921
the picture nice,27572.16921
for this summer,27572.16921
love these cute,27572.16921
cute and works,27572.16921
good color and,27572.16921
colors and the,27572.16921
the fabric nice,27572.16921
cute and classy,27572.16921
love love true,27572.16921
cute and they,27572.16921
definitely purchase again,27572.16921
for friend and,27572.16921
soo cute love,27572.16921
and fit true,27572.16921
material really nice,27572.16921
really cute for,27572.16921
and sexy love,27572.16921
light and airy,27572.16921
really nice material,27572.16921
very impressed with,27572.16921
great material fits,27572.16921
and loved the,27572.16921
material really good,27572.16921
this looks just,27572.16921
really soft and,27572.16921
are very pretty,27572.16921
great quality great,27572.16921
size and super,27572.16921
you should definitely,27572.16921
fits well the,27572.16921
this for son,27572.16921
great product love,27572.16921
and absolutely love,27572.16921
this product very,27572.16921
cute loved much,27572.16921
amazing true size,27572.16921
amazing for the,27572.16921
