just like the,0.145395777
like the picture,0.143586151
super cute and,0.13522522
love love love,0.130783241
love this shirt,0.109903444
very cute and,0.108748554
love the color,0.108012822
looks just like,0.092491651
for the price,0.091395753
good quality and,0.083549302
and good quality,0.082620978
and true size,0.081110545
love this top,0.080364639
exactly like the,0.079658784
true size and,0.077705778
absolutely love this,0.07669351
cute and comfortable,0.075677783
love the material,0.074039112
cute and comfy,0.07168913
very good quality,0.071379556
very comfortable and,0.071252218
can wait wear,0.07008401
the color and,0.06896026
super cute love,0.068600441
and love the,0.066197307
cute and fits,0.065602378
very nice and,0.064899166
cute love the,0.06488791
like the photo,0.062564664
fits true size,0.062209116
and the material,0.061431607
love this dress,0.059949262
looks exactly like,0.059403206
cute and good,0.057956409
great quality and,0.057820917
good good good,0.057551994
and fits well,0.057017244
love the colors,0.056608674
love love this,0.056608674
and great quality,0.056466669
and the color,0.055931428
and fits perfectly,0.055915109
perfect for summer,0.055779241
really cute and,0.055638301
love this much,0.055079136
for the summer,0.054415346
love the fit,0.054097561
soft and comfortable,0.05408669
perfect for the,0.053945656
very soft and,0.053401599
the colors are,0.053384408
and very comfortable,0.05278328
love the way,0.052489238
cute love this,0.051749351
and perfect for,0.051746826
got many compliments,0.051746826
like the pictures,0.051466765
not see through,0.051111078
love with this,0.050549533
would buy again,0.050450317
fits perfectly and,0.04945277
cute just like,0.049451792
fits very well,0.049295051
very satisfied with,0.048667088
and fits great,0.048504782
very cute love,0.047703614
fits well and,0.047383456
very happy with,0.047378106
like for points,0.047378106
the picture and,0.047372759
true size love,0.047211203
these are cute,0.046634918
quality for the,0.046549767
than expected but,0.046387886
just like picture,0.045729902
but still cute,0.045715835
would definitely recommend,0.045560492
fit true size,0.045546274
cute love them,0.045541349
love this outfit,0.04537608
cute and true,0.045372364
looks like the,0.04505645
cute and love,0.045028672
great for the,0.044867893
they are very,0.044700486
love this item,0.044335882
the material soft,0.044172933
beautiful beautiful beautiful,0.044160986
really good quality,0.04399085
will buy again,0.04398678
cute true size,0.043985395
and they are,0.043842045
cute and fit,0.043454365
fits great and,0.043454365
love the shirt,0.043324284
super soft and,0.043298081
cute and very,0.043277361
color and the,0.043109534
are cute and,0.04309671
good material and,0.042922628
and super cute,0.042567896
this super cute,0.042189309
love the quality,0.042011721
cute and the,0.042011721
very pretty and,0.041673448
happy with purchase,0.041641786
got this for,0.041591369
love this one,0.041301013
cute love much,0.041263633
love this set,0.041080644
cute and great,0.041075673
material soft and,0.040891888
cute and sexy,0.040695405
see through but,0.040560178
good quality for,0.040504794
the material and,0.040354991
and looks just,0.04031328
little big but,0.040084768
and the quality,0.039934744
cant wait wear,0.039892532
like the pic,0.039807604
this bathing suit,0.039794662
are super cute,0.039539853
worth the price,0.039537953
cute and soft,0.039426193
like need points,0.03940491
wait wear this,0.039208597
fit very well,0.039161472
and they fit,0.038948316
really really really,0.038946329
really like this,0.038887537
they are cute,0.038661422
this shirt cute,0.038564579
bought this for,0.038401157
love these pants,0.038347659
and the fit,0.038161481
true size very,0.037958333
and looks great,0.037939794
look just like,0.037785497
definitely buy again,0.037743809
super comfy and,0.037580628
love the design,0.037548749
please like for,0.037529622
this shirt very,0.037356683
thank you shein,0.037331668
and fit perfectly,0.037325099
soft and comfy,0.037325099
all the time,0.037135762
for the beach,0.037134665
cute and perfect,0.037117208
really love this,0.037117208
love them much,0.037114917
good quality love,0.037114917
and good material,0.036940749
cute and nice,0.036697895
love this color,0.036486433
this cute and,0.036486433
cute and looks,0.036484023
nice and comfortable,0.036484023
please like need,0.036094601
cute looks just,0.036094601
satisfied with this,0.036067049
super cute fits,0.03605979
and fits perfect,0.036057294
was looking for,0.03590002
very nice quality,0.035842025
love true size,0.035842025
fit perfectly and,0.035628041
very nice material,0.035628041
with this purchase,0.035628041
great fit and,0.035625455
comfortable and cute,0.035625455
fits really well,0.035410193
cute fits well,0.035410193
love this cute,0.03540756
love this product,0.03540756
the quality the,0.03540756
the material great,0.035188316
they fit perfectly,0.035188316
the material very,0.035116477
comfy and cute,0.035008375
love the fabric,0.034808896
cute and flattering,0.034756541
love these much,0.034748462
absolutely love these,0.034745678
very good material,0.034745678
very sexy and,0.03454653
love the style,0.034522231
and fit well,0.034522231
loved this shirt,0.034308608
and nice material,0.034300221
other than that,0.034193599
but they are,0.034189159
very comfy and,0.034082439
very good and,0.034070941
little see through,0.033887628
cute can wait,0.033868754
material true size,0.033846047
very well and,0.033846047
nice material and,0.033846047
super comfortable and,0.033843039
these they are,0.033843039
fits perfect and,0.03371096
this shirt fits,0.033616661
quality true size,0.033613592
loved the color,0.033409306
the material good,0.0333857
happy with the,0.033251035
happy with this,0.033221908
perfect fit and,0.033149934
and great material,0.032915656
great material and,0.032915656
satisfied with purchase,0.032708103
what was looking,0.032708103
the fit and,0.032692671
soft material and,0.032692671
love these shorts,0.032683033
cute and stylish,0.032679698
are good quality,0.032679698
good for the,0.032455274
exactly what was,0.032445432
very nice love,0.032442024
really nice and,0.032442024
but very cute,0.032442024
this very cute,0.032202597
these are very,0.032202597
great for summer,0.031964936
love this blouse,0.031964936
good quality material,0.031961375
and great for,0.031961375
cute perfect for,0.031961375
very cute top,0.031832187
please like this,0.031771751
got lot compliments,0.031718319
but super cute,0.031556347
they are super,0.031504985
super cute for,0.031487847
very cute shirt,0.031258842
size love the,0.031241325
love the look,0.031230345
love these they,0.031230345
very very cute,0.031230345
very well made,0.031226533
and the fabric,0.030981615
this shirt much,0.030981615
and not too,0.030981615
but love the,0.030981615
the material nice,0.030977712
quality and very,0.030977712
such good quality,0.030977712
very cute fits,0.030977712
soft and stretchy,0.030968996
they fit well,0.030785223
better than expected,0.030730874
nice and soft,0.030730874
fits good and,0.030726876
cute good quality,0.030726876
really like the,0.030660045
can wait use,0.030508585
the way fits,0.030489843
this top cute,0.030478071
cute for summer,0.030478071
and very good,0.030473976
fits great love,0.030473976
size and very,0.030473976
love them they,0.030473976
these are super,0.030254397
this shirt and,0.030223157
and the colors,0.030218959
super cute just,0.03013704
love the pattern,0.029978431
love this for,0.029961771
the picture love,0.029961771
great and the,0.029961771
love this fits,0.029739555
the color the,0.029726993
please like review,0.029719437
fits just right,0.029706773
and very cute,0.029702357
love everything about,0.029702357
well made and,0.029702357
fits perfectly love,0.029702357
cute cute cute,0.029702357
the quality and,0.029458176
light weight and,0.029458176
cute for the,0.029440657
definitely recommend this,0.029440657
absolutely love the,0.029440657
and looks good,0.029440657
love this suit,0.029440657
would definitely buy,0.029278449
fit well and,0.029243896
will order more,0.029194587
and just like,0.029181263
and well made,0.02917661
definitely worth the,0.02917661
love this the,0.02917661
cute and simple,0.02917661
great quality love,0.02917661
will ordering more,0.029153866
the sleeves are,0.02900899
was super cute,0.028950277
the color beautiful,0.028928607
very true size,0.028914931
love super cute,0.028914931
satisfied with the,0.028914931
and cute love,0.028910152
quality and fits,0.028910152
super cute looks,0.028910152
will definitely buy,0.028910152
colors are vibrant,0.028910152
can dress down,0.028682402
will buying more,0.028646127
exactly what wanted,0.028641214
the colors and,0.028641214
like the color,0.028625316
got these for,0.02861959
exactly like picture,0.028412025
you can dress,0.028389205
very beautiful and,0.028374779
great quality for,0.028374779
shirt love the,0.028374779
and comfortable wear,0.028369727
cute love these,0.028369727
they are perfect,0.028369727
expected but still,0.028369727
worth the money,0.02820828
you can wear,0.028170216
material and the,0.028139075
shirt true size,0.028115643
super sexy and,0.028100814
fit great and,0.028100814
love love the,0.028100814
nice quality and,0.028100814
love this skirt,0.028095617
quality and good,0.028095617
color and fit,0.028095617
nice and good,0.028095617
great love the,0.028095617
very soft material,0.028095617
this shirt the,0.027934478
cannot wait wear,0.027934478
bit big but,0.027934478
super cute top,0.027863479
than thought but,0.027839405
these are great,0.027824156
this shirt super,0.027824156
they are comfortable,0.027824156
and she loves,0.027824156
super cute loved,0.027818806
them they are,0.027818806
and easy use,0.027818806
was cute and,0.027818806
love this bathing,0.027818806
true size good,0.027818806
bigger than expected,0.027814526
this shirt was,0.027603006
got lots compliments,0.027560414
and fits true,0.027544723
perfect for work,0.027544723
will buy more,0.027544723
love how fits,0.027539213
quality and great,0.027539213
really good and,0.027539213
little small but,0.027539213
like the photos,0.027426578
cute and stretchy,0.027304032
all the colors,0.027304032
very nice shirt,0.027278584
not too tight,0.027278584
have sized down,0.027267884
cute fits perfectly,0.02726243
color and fits,0.027256752
and comfortable and,0.027256752
and fit great,0.027256752
they are good,0.027256752
would highly recommend,0.027256752
and fits good,0.027256752
the quality great,0.027256752
this top super,0.027256752
are very nice,0.027256752
cute and just,0.027256752
the first time,0.027145844
and looks like,0.027096887
the material was,0.026982963
and can wait,0.026977189
and fits very,0.026977189
and fit perfect,0.026971334
fits nice and,0.026971334
the fit perfect,0.026971334
like the material,0.026838578
and light weight,0.026768659
true size the,0.026768659
the fabric soft,0.026733012
just like photo,0.026733012
are very comfortable,0.026733012
could have sized,0.026726668
and soft material,0.026706054
good quality very,0.026706054
love this very,0.026688903
like very much,0.026688903
love this too,0.026688903
thank you much,0.026682862
love this super,0.026682862
the quality good,0.026682862
are very cute,0.026682862
fit love the,0.026682862
and great fit,0.026682862
love this belt,0.026682862
but other than,0.026633659
soft and cute,0.026479613
top super cute,0.026415164
fit just right,0.026415164
but still very,0.026415164
love love these,0.026397475
material and fits,0.026397475
fits really good,0.026397475
material very soft,0.026397475
material nice and,0.026397475
really cute love,0.026397475
this true size,0.026397475
love these glasses,0.026391237
will order again,0.026391237
highly recommend this,0.026391237
size and fits,0.026391237
very satisfied very,0.026391237
very cute but,0.026302435
fits like glove,0.026187441
was true size,0.026121054
the way this,0.0261028
does the job,0.0261028
this cute love,0.026096354
the material feels,0.026054699
but not too,0.025993707
the picture very,0.025993707
these pants are,0.025939213
love all the,0.025823617
love this swimsuit,0.025823617
love just like,0.0257981
goes with everything,0.0257981
these are perfect,0.0257981
super cute very,0.0257981
love cute and,0.0257981
love fits perfectly,0.0257981
well and looks,0.0257981
fabric soft and,0.0257981
and you can,0.025553205
such cute top,0.025553205
perfect size for,0.025522737
this top very,0.025522737
this really cute,0.025503255
was perfect for,0.025503255
true size fits,0.025503255
comfortable and soft,0.025503255
really love the,0.025503255
fit perfect and,0.025503255
excellent quality and,0.025496357
and easy put,0.025496357
cute fits great,0.025496357
and comfortable love,0.025496357
pretty good quality,0.025496357
looks really good,0.025496357
top love the,0.025496357
comfortable and true,0.025496357
very good product,0.025496357
but still love,0.025496357
measurements are correct,0.025398813
same the picture,0.025398813
these are the,0.025218293
and very soft,0.025218293
very nice color,0.025218293
loves this shirt,0.025198144
and perfect fit,0.025198144
material and very,0.025191001
love good quality,0.025191001
the color pretty,0.025191001
good quality true,0.025191001
love this piece,0.025191001
everything about this,0.025191001
very nice for,0.025191001
love these and,0.025191001
the color very,0.025191001
really well and,0.025191001
quality very good,0.025191001
the bottoms are,0.025185964
bit see through,0.025162539
cute and not,0.025096297
super cute the,0.025012511
the perfect size,0.024910156
definitely recommend buying,0.024889301
just like pictures,0.024889301
the way they,0.024889301
and got many,0.024881897
perfect size and,0.024881897
can dressed down,0.024881897
good quality good,0.024881897
this top fits,0.024881897
cute and easy,0.024881897
great true size,0.024881897
good and the,0.024881897
and super comfortable,0.024881897
received many compliments,0.024881897
super super cute,0.024790251
quality and the,0.024598188
these are really,0.024598188
runs true size,0.024576586
well and the,0.024576586
cute cant wait,0.024576586
good quality will,0.024568905
satisfied very satisfied,0.024568905
and looks cute,0.024568905
material love the,0.024568905
and great price,0.024568905
love them and,0.024568905
nice and the,0.024568905
very cute for,0.024568905
than the picture,0.024550726
the picture but,0.024331518
with this shirt,0.024318012
the same the,0.024318012
fit really well,0.024317057
like this shirt,0.024317057
nice color and,0.024282245
looks good and,0.024282245
this top the,0.024282245
the quality this,0.024282245
true size great,0.024259849
stretchy and comfortable,0.024259849
sooo cute and,0.024259849
perfect fit for,0.024259849
this such cute,0.024259849
look exactly like,0.024251873
super cute true,0.024251873
the price and,0.024251873
the fabric and,0.024251873
love the top,0.024167065
nice love the,0.024045349
than thought would,0.023962171
and the price,0.023938933
please like comment,0.023938933
very cute looks,0.023938933
very nice like,0.023930642
and love how,0.023930642
loved this outfit,0.023930642
with the quality,0.023930642
super cute would,0.023930642
and looks exactly,0.023930642
quality and fit,0.023930642
cute absolutely love,0.023930642
love with these,0.023930642
pretty love the,0.023930642
smaller than expected,0.023757038
would order again,0.023723958
and very comfy,0.023675189
loved this top,0.023637802
such cute shirt,0.023637802
and good for,0.023613666
can wait for,0.023613666
this very nice,0.023613666
still super cute,0.023613666
sexy and comfortable,0.02360504
super cute but,0.02360504
comfortable true size,0.02360504
comfortable and the,0.02360504
cute would recommend,0.02360504
and good price,0.02360504
just what needed,0.02360504
and will definitely,0.02360504
perfect love the,0.02360504
cute top love,0.02360504
and very nice,0.02360504
very pleased with,0.02360504
see through and,0.023341288
wait wear them,0.023308961
very cute the,0.023308961
for going out,0.023283868
colors are bright,0.023283868
was very cute,0.023283868
size and fit,0.023274883
are beautiful and,0.023274883
this fits perfectly,0.023274883
quality love the,0.023274883
cute love and,0.023274883
looks great and,0.023274883
and good fit,0.023274883
worth the buy,0.023274883
the way looks,0.023274883
absolutely loved this,0.023274883
super cute fit,0.023274883
see through all,0.023137567
measurements are accurate,0.023130859
very cute just,0.023068133
cute shirt and,0.023015755
the material super,0.023015755
they look just,0.022975459
nice and cute,0.022975459
love this and,0.022975459
great fit love,0.022939975
cute omg love,0.022939975
for summer and,0.022939975
fit good and,0.022939975
and has good,0.022939975
soooo cute and,0.022939975
great for work,0.022939975
love this little,0.022939975
the picture good,0.022939975
love this bikini,0.022939975
are perfect for,0.022939975
picture true size,0.022939975
was little big,0.022914011
got them for,0.022872405
look like the,0.022696811
and like the,0.022637094
too big but,0.022637094
shirt and the,0.022637094
true size but,0.022622426
great and looks,0.022609887
fit and the,0.022609887
goes well with,0.022609887
and the way,0.022609887
the quality very,0.022600105
beautiful color and,0.022600105
but still good,0.022600105
are really cute,0.022600105
cute and light,0.022600105
definitely true size,0.022600105
great color and,0.022600105
favorite favorite favorite,0.022600105
good quality would,0.022600105
cute color and,0.022600105
and comfy love,0.022600105
and really good,0.022600105
comfortable and stretchy,0.022600105
the same time,0.022600105
and was perfect,0.022600105
and was very,0.022600105
would purchase again,0.022600105
true size nice,0.022600105
fits perfect love,0.022600105
super cute got,0.022337252
they look good,0.022293649
super cute little,0.022293649
cute they are,0.022293649
and she loved,0.02226527
the material really,0.02226527
color and quality,0.02226527
very comfortable love,0.02226527
and not see,0.022255045
really good material,0.022255045
with this product,0.022255045
quality and cute,0.022255045
quality and nice,0.022255045
with the purchase,0.022255045
they fit great,0.022255045
and fit very,0.022255045
comfortable and fits,0.022255045
nice good quality,0.022255045
looks great with,0.022255045
nice true size,0.022255045
can wear with,0.022255045
very nice fits,0.022255045
nice fit and,0.022255045
just what wanted,0.022255045
many compliments this,0.022255045
bought these for,0.022198365
the design and,0.022049017
the top was,0.022042364
super cute shirt,0.02199032
the style and,0.02194489
super stretchy and,0.02194489
for apple watch,0.02194489
for mom and,0.02194489
shirt very comfortable,0.021915254
the color perfect,0.021915254
with this item,0.021915254
love with the,0.021915254
love how looks,0.021915254
this for daughter,0.021915254
loved the material,0.021915254
shirt cute and,0.021915254
size and the,0.021915254
shirt super cute,0.021915254
love how this,0.02190455
very cute good,0.02190455
just the right,0.02190455
but still super,0.02190455
love the feel,0.02190455
looks really cute,0.02190455
cute great quality,0.02190455
perfect for any,0.02190455
material great and,0.02190455
one favorite shirts,0.02190455
especially for the,0.02190455
shirt fits great,0.02190455
the fabric very,0.02190455
very comfortable wear,0.02190455
nice and fits,0.02190455
very good love,0.02190455
love the sleeves,0.02190455
super good quality,0.02190455
material very nice,0.02190455
this was cute,0.02180661
obsessed with this,0.021749837
are true size,0.021699044
very light weight,0.021637953
just like pic,0.021637953
cute bathing suit,0.021590565
runs little big,0.021578262
comfortable love the,0.021559575
are the best,0.021559575
material perfect for,0.021559575
very light and,0.021559575
its cute and,0.021559575
nice for the,0.021559575
these shorts are,0.021548355
recommend buying this,0.021548355
sooo cute love,0.021548355
and would recommend,0.021548355
soft and fits,0.021548355
looks very nice,0.021548355
cute shirt love,0.021548355
cute and fun,0.021548355
fits very nice,0.021548355
sexy and fits,0.021548355
the color fits,0.021548355
they fit good,0.021548355
this the best,0.021548355
really like them,0.021548355
this the cutest,0.021548355
quality and true,0.021548355
size and good,0.021548355
very cute very,0.021548355
nice just like,0.021548355
happy birthday you,0.021548355
love this looks,0.021548355
color and material,0.021548355
the shorts are,0.021484542
the right size,0.021351562
you have big,0.021232752
wear all the,0.021230402
this shirt for,0.021230402
these glasses are,0.021230402
with this top,0.021230402
really pretty and,0.021197952
soft and nice,0.021197952
great quality material,0.021197952
are soft and,0.021197952
little tight the,0.021197952
very good for,0.021197952
and they look,0.021197952
for any occasion,0.021186172
get many compliments,0.021186172
and fits nicely,0.021186172
for work and,0.021186172
colors are beautiful,0.021186172
cute definitely recommend,0.021186172
fits well love,0.021186172
love very much,0.021186172
very very very,0.021186172
look and feel,0.021186172
that you can,0.021186172
not too short,0.021186172
material good quality,0.021186172
big but still,0.021186172
absolutely love with,0.021186172
and perfect size,0.021186172
size good quality,0.021186172
cute and really,0.021186172
cute and super,0.021186172
and goes with,0.021186172
very high quality,0.021186172
and nice quality,0.021186172
not too bad,0.021186172
the right places,0.021186172
cute the color,0.021186172
shirt soft and,0.021186172
love shein love,0.021186172
recommend this product,0.021186172
perfect fit love,0.021186172
picture very cute,0.021186172
true size would,0.021186172
beautiful just like,0.021186172
very stretchy and,0.021142293
super cute great,0.020982258
cute just pictured,0.02091586
sized down but,0.02091586
this top and,0.02091586
still very cute,0.020890098
cute but little,0.02088224
all the right,0.020864105
very flattering and,0.020864105
they are great,0.020864105
exactly like photo,0.020864105
spring and summer,0.020864105
they fit very,0.020864105
bigger than thought,0.020864105
they are the,0.020864105
they are beautiful,0.020830076
perfect and the,0.020830076
well and very,0.020830076
material super soft,0.020830076
the color looks,0.020830076
quality good and,0.020817689
this was perfect,0.020817689
quality highly recommend,0.020817689
and fits really,0.020817689
love this fit,0.020817689
the color great,0.020817689
its really cute,0.020817689
true the size,0.020817689
and works great,0.020817689
super cute can,0.020817689
and super soft,0.020817689
and really cute,0.020817689
looks really nice,0.020817689
shein never disappoints,0.020817689
cute top for,0.020817689
for boyfriend and,0.020817689
and the design,0.020817689
they are pretty,0.020696772
shorter than expected,0.020585917
the material the,0.02054555
true size looks,0.020491353
the shirt and,0.020491353
this was very,0.020491353
cute got for,0.020455614
loved the fit,0.020455614
you should buy,0.020455614
cute like the,0.020455614
soft and the,0.020455614
and comfortable the,0.020442564
good quality recommend,0.020442564
more different colors,0.020442564
very cute true,0.020442564
perfect just like,0.020442564
loved this much,0.020442564
they fit perfect,0.020442564
very nice good,0.020442564
perfect true size,0.020442564
picture good quality,0.020442564
comfortable and easy,0.020442564
this watch band,0.020442564
was very nice,0.020442564
love fits great,0.020442564
the material amazing,0.020442564
very nice just,0.020442564
love this great,0.020442564
and love them,0.020442564
are cute love,0.020442564
this shirt soft,0.020442564
good quality nice,0.020442564
cute and pretty,0.020442564
son loves this,0.020442564
absolutely love them,0.020442564
the cutest thing,0.020442564
love these shirts,0.020442564
the picture the,0.02042263
them they fit,0.020168635
but the top,0.020165364
looks and feels,0.020111798
the color this,0.020111798
super cute good,0.0200742
love this true,0.0200742
the color was,0.0200742
little bigger than,0.0200742
shirt very cute,0.0200742
good quality looks,0.0200742
this one favorite,0.0200742
like like like,0.0200742
this for the,0.0200742
shirt fits perfectly,0.0200742
for baby girl,0.020060427
comfortable and good,0.020060427
the picture true,0.020060427
love these super,0.020060427
loved the way,0.020060427
very stylish and,0.020060427
bit tight but,0.020060427
are vibrant and,0.020060427
very nice top,0.020060427
cute top and,0.020060427
this perfect for,0.020060427
very nice fit,0.020060427
cute loved the,0.020060427
goes great with,0.020060427
the picture great,0.020060427
comfortable and flattering,0.020060427
easy put and,0.020060427
amazing amazing amazing,0.020060427
height and weight,0.020060427
shein love shein,0.020060427
perfect for spring,0.020060427
material and fit,0.020060427
love these sunglasses,0.020060427
and just pictured,0.020060427
beautiful and comfortable,0.020060427
and love that,0.020060427
the color amazing,0.020060427
but fits well,0.020060427
are nice and,0.020060427
like this top,0.020049997
but not see,0.020029541
this for mom,0.019905518
color just like,0.019725056
the color just,0.019725056
true size fit,0.019725056
cute would buy,0.019725056
cute highly recommend,0.019685432
cute and exactly,0.019685432
nice and comfy,0.019685432
shown the picture,0.019685432
top true size,0.019685432
photo would recommend,0.019670867
the material perfect,0.019670867
good material love,0.019670867
perfect for vacation,0.019670867
super cute perfect,0.019670867
the photo would,0.019670867
comfy and soft,0.019670867
them and they,0.019670867
quality and super,0.019670867
but they fit,0.019670867
the color cute,0.019670867
would recommend this,0.019670867
fit and quality,0.019670867
very pretty love,0.019670867
the fit true,0.019670867
love the texture,0.019670867
amazing quality and,0.019670867
for the office,0.019670867
such great quality,0.019670867
you can see,0.019670867
very pretty color,0.019670867
but not bad,0.019670867
thank you for,0.019670867
this color and,0.019670867
very see through,0.019670867
for the gym,0.019670867
around the house,0.019670867
and this one,0.019473165
they are really,0.019473165
the fit was,0.019403223
works very well,0.019393519
still cute and,0.019330711
this top much,0.019330711
and fits nice,0.019330711
can not wait,0.019330711
bought them for,0.019330711
are the perfect,0.019330711
the photo and,0.019288872
thin material but,0.019288872
excited receive this,0.019288872
looks super cute,0.019288872
the picture fits,0.019288872
sexy and cute,0.019284903
you have bigger,0.019284903
nice nice nice,0.019273434
pretty and comfortable,0.019273434
quality would recommend,0.019273434
the look and,0.019273434
will purchase again,0.019273434
you happy birthday,0.019273434
birthday you happy,0.019273434
love fits well,0.019273434
great quality always,0.019273434
loved this set,0.019273434
considering the price,0.019273434
and fit good,0.019273434
with purchase and,0.019273434
super cute will,0.019273434
super cute bought,0.019273434
perfectly and the,0.019273434
and high quality,0.019273434
love that they,0.019273434
this one very,0.019273434
this dress fits,0.019273434
peaches peaches peaches,0.019273434
cute please like,0.019273434
love how they,0.019273434
love this cover,0.019273434
was the perfect,0.019273434
fits watch perfectly,0.019273434
true size comfortable,0.019273434
quality and looks,0.019273434
really like these,0.019273434
very nice product,0.019273434
beautiful love the,0.019273434
size down but,0.019175847
cute the material,0.019175847
but the material,0.019113544
this swim suit,0.019078157
for what needed,0.018994499
these are nice,0.018994499
are comfortable and,0.018994499
thought but still,0.018994499
the quality amazing,0.018994499
little thin but,0.018994499
around the waist,0.018994499
mom and she,0.0189283
this was super,0.0189283
